date,season,neutral,playoff,team1,team2,elo1_pre,elo2_pre,elo_prob1,elo_prob2,elo1_post,elo2_post,qbelo1_pre,qbelo2_pre,qb1,qb2,qb1_value_pre,qb2_value_pre,qb1_adj,qb2_adj,qbelo_prob1,qbelo_prob2,qb1_game_value,qb2_game_value,qb1_value_post,qb2_value_post,qbelo1_post,qbelo2_post,score1,score2,quality,importance,total_rating
2022-09-08,2022,0,,LAR,BUF,1614.76143599795,1614.24676177117,0.5931813787758958,0.40681862122410417,1576.96490149067,1652.04329627845,1582.71223642666,1613.25288918457,Matthew Stafford,Josh Allen,200.2836903491843,259.6063353546521,5.938707860551617,9.144750317068441,0.534145229764987,0.465854770235013,-47.5024361297541,402.1494201135081,175.50507770129047,273.8606438305377,1549.33034693542,1646.63477867581,10,31,91,59,75
2022-09-11,2022,0,,WSH,JAX,1465.28936483139,1351.45583260408,0.7368089744164439,0.2631910255835561,1474.76225461495,1341.98294282052,1480.76751500582,1397.9037557389,Carson Wentz,Trevor Lawrence,124.46551666801427,107.34721718780565,-3.807755567211083,-4.067562205120586,0.684329285790453,0.315670714209547,238.0096231606668,81.26665733709501,135.81992731727954,104.73916120273456,1492.34547870265,1386.32579204207,28,22,18,41,30
2022-09-11,2022,0,,CHI,SF,1444.50838698149,1576.15210479743,0.4052511835666746,0.5947488164333254,1472.75319066956,1547.90730110936,1412.47967018654,1563.0091059397,Justin Fields,Trey Lance,111.23836878613633,119.82545972588234,-2.072400384357278,-7.6746208048511155,0.374891278536016,0.625108721463984,40.61000909066673,19.89750196902141,104.17553281658937,109.83266395019625,1442.47811072148,1533.01066540476,19,10,37,59,48
2022-09-11,2022,0,,ATL,NO,1436.67170851276,1543.81503771998,0.4396465826911515,0.5603534173088485,1430.6914705183,1549.79527571444,1379.24462793033,1516.08500906595,Marcus Mariota,Jameis Winston,111.53247017396977,151.06922636030774,-12.435739409118641,3.305973990349124,0.357017052673675,0.642982947326325,314.3912959659701,151.83252958772778,131.81835275316982,151.14555668304973,1374.51504051891,1520.81459647737,26,27,19,54,37
2022-09-11,2022,0,,CIN,PIT,1558.19328503614,1510.14351011963,0.6571832421460169,0.34281675785398313,1538.98526841849,1529.35152673728,1550.25112575694,1473.26120029972,Joe Burrow,Mitch Trubisky,173.65012566931028,168.2780694966251,3.7427513420444467,3.3467564630662783,0.675155406851924,0.324844593148076,23.319530122991846,111.57543287486673,158.61706611467844,162.60780583444927,1530.38415296829,1493.12817308837,20,23,56,75,66
2022-09-11,2022,0,,MIA,NE,1539.979483061,1537.002980919,0.596596619736076,0.40340338026392397,1560.63340273113,1516.34906124887,1518.3807744429,1513.69295929324,Tua Tagovailoa,Mac Jones,139.17647157738259,143.53664204321706,-0.5386741705870797,0.1490076408644967,0.582122815309695,0.417877184690305,179.5618019139407,122.14855476353144,143.2150046110384,141.39783331524848,1539.87420725679,1492.19952647935,20,7,56,85,71
2022-09-11,2022,0,,DET,PHI,1406.13562557821,1502.21279354112,0.4553952549119382,0.5446047450880618,1393.68526175694,1514.66315736239,1412.4267934374,1532.60381138675,Jared Goff,Jalen Hurts,155.55500503284225,157.96689302101785,1.969274023783444,0.63507977857533,0.402830224809142,0.597169775190858,119.75532190544999,258.10087453045924,151.97503672010302,167.98029117196197,1401.59469996716,1543.43590485699,35,38,33,64,49
2022-09-11,2022,0,,NYJ,BAL,1364.98338141478,1508.98821889838,0.3882228854211141,0.611777114578886,1344.20201906322,1529.76958124994,1391.09463664916,1546.00671130851,Joe Flacco,Lamar Jackson,110.24237276021012,162.7129343543091,19.852513677280008,-3.618196122654303,0.384030838612477,0.615969161387523,116.17680299510107,112.20714601084363,110.8358157836992,157.66235551996257,1370.56534769723,1566.53600026044,9,24,34,51,43
2022-09-11,2022,0,,CAR,CLE,1411.40119899043,1502.03875043257,0.46317141828332503,0.5368285817166749,1401.34151262844,1512.09843679456,1416.66449235436,1487.83588672495,Baker Mayfield,Jacoby Brissett,90.51579537901989,117.77204693098777,-7.263887853602821,-77.0298655155569,0.570080857866616,0.429919142133384,90.30934243672671,73.18020697603275,90.49515008479058,113.31286293549225,1403.85307471063,1500.64730436868,24,26,10,48,29
2022-09-11,2022,0,,HOU,IND,1409.74187854811,1542.90415000834,0.40314604156244493,0.5968539584375551,1412.69577666966,1539.95025188679,1371.55869866541,1545.50150625399,Davis Mills,Matt Ryan,134.59244880604578,118.4347207943965,-8.048067601616774,-6.6340794729551105,0.329787483362109,0.67021251663789,144.69426376298253,184.0287799683808,135.60263030173945,124.99412671179493,1376.74992100957,1540.31028390983,20,20,21,51,36
2022-09-11,2022,0,,MIN,GB,1513.63356703665,1589.40352505295,0.4845057470175882,0.5154942529824118,1542.98737061431,1560.04972147529,1526.6592102796,1591.07824034508,Kirk Cousins,Aaron Rodgers,191.17377361341929,248.1146794150794,2.46142994083899,11.518811324517408,0.465846848621898,0.534153151378102,286.5916258573493,-15.85786051325487,200.71555883781227,221.71742542224595,1557.25719111153,1560.48025951315,23,7,79,93,86
2022-09-11,2022,0,,ARI,KC,1501.69003139828,1628.56799982369,0.4118801803967115,0.5881198196032885,1476.22667495643,1654.03135626554,1497.99441266337,1590.28885810222,Kyler Murray,Patrick Mahomes,187.7730676838445,259.40384562862505,-0.3398636570323639,9.404347839986544,0.429777091775335,0.570222908224665,177.22683567660027,491.3088204962915,186.7184444831201,282.59434311539167,1471.27392051646,1617.00935024913,21,44,72,64,68
2022-09-11,2022,0,,TEN,NYG,1556.04774903101,1385.81220250325,0.7948031410811032,0.20519685891889683,1543.71024748667,1398.14970404759,1527.28269090643,1426.39442940175,Ryan Tannehill,Daniel Jones,141.52935964055328,126.88449597750399,-6.102475594290238,8.807214443338742,0.688387741332109,0.311612258667891,228.30831429915628,98.32903991486103,150.20725510641358,124.0289503712397,1517.10247993798,1436.5746403702,20,21,36,50,43
2022-09-11,2022,0,,LAC,OAK,1505.25930678851,1492.96218336345,0.6094397891685934,0.3905602108314066,1518.78005370816,1479.4414364438,1543.48706976483,1500.82709643146,Justin Herbert,Derek Carr,216.82217673489347,146.44680152889367,5.143515287885009,-5.845621560409305,0.644370148258628,0.355629851741372,328.72170518646294,-16.4338539410463,228.01212958005044,130.15873598189967,1555.65981669693,1488.65434949936,24,19,59,79,69
2022-09-11,2022,0,,DAL,TB,1561.77392100893,1610.01527758529,0.5240989396276609,0.47590106037233915,1531.84827828739,1639.94092030683,1555.06328100287,1595.98478394211,Dak Prescott,Tom Brady,198.65704456924655,238.11224882537795,1.5142204415784462,9.346143194306832,0.505245765174673,0.494754234825327,-45.52646123122383,109.25648338793694,174.2386939891995,225.22667228163388,1526.38638426966,1624.66168067532,3,19,84,67,76
2022-09-12,2022,0,,SEA,DEN,1526.98570880834,1447.13549014476,0.6971630738261755,0.3028369261738245,1530.92458073907,1443.19661821403,1433.30832623957,1519.42878538183,Geno Smith,Russell Wilson,132.11496129317538,164.0861534073191,-10.410549131020515,7.18544125218446,0.427179766155465,0.572820233844535,232.95534926491638,243.48673952005885,142.1990000903495,172.02621201859307,1441.43761610135,1511.29949552005,17,16,34,60,47
2022-09-15,2022,0,,KC,LAC,1654.03135626554,1518.78005370816,0.7600108800577915,0.2399891199422085,1660.13013633389,1512.68127363981,1617.00935024913,1555.65981669693,Patrick Mahomes,Justin Herbert,282.5943431153918,228.01212958005044,20.52937919137051,10.481315946069252,0.673203411741467,0.326796588258533,225.58412977163115,248.19178490839525,276.8933217810157,230.03009511288494,1625.58092129609,1547.08824564997,27,24,90,92,91
2022-09-18,2022,0,,CLE,NYJ,1512.09843679456,1344.20201906322,0.7925983831413874,0.20740161685861258,1499.8097891911,1356.49066666668,1500.64730436868,1370.56534769723,Jacoby Brissett,Joe Flacco,113.3128629354922,110.83581578369916,-75.40796423752681,19.156609505160603,0.621018048932577,0.378981951067423,211.17307972592633,318.08016633051545,123.09888461453562,131.5602508383808,1491.68880812108,1379.52384394483,30,31,9,38,24
2022-09-18,2022,0,,BAL,MIA,1529.76958124994,1560.63340273113,0.5489684402070089,0.45103155979299114,1511.82046232936,1578.58252165171,1566.53600026044,1539.87420725679,Lamar Jackson,Tua Tagovailoa,157.6623555199625,143.21500461103835,-5.962575733694912,1.5075260547702192,0.601674352828873,0.398325647171127,637.0774180409792,473.0042538609696,205.60386177206416,176.19392953603148,1546.51686973589,1559.89333778134,38,42,74,78,76
2022-09-18,2022,0,,DET,WSH,1393.68526175694,1474.76225461495,0.4768798468540971,0.5231201531459029,1417.95317832347,1450.49433804842,1401.59469996716,1492.34547870265,Jared Goff,Carson Wentz,151.97503672010316,135.8199273172797,0.08082616622486966,2.0598375357822967,0.439220090182892,0.560779909817108,201.90961548586517,189.06212181956118,156.96849459667936,141.14414676750783,1427.92760391256,1466.01257475725,36,27,21,63,42
2022-09-18,2022,0,,PIT,NE,1529.35152673728,1516.34906124887,0.6104057972244826,0.3895942027755174,1511.8053739069,1533.89521407925,1493.12817308837,1492.19952647935,Mitch Trubisky,Mac Jones,162.60780583444915,141.3978333152484,0.3442868088247586,-0.9278471051632173,0.575340700255205,0.424659299744795,57.69000283386879,159.72984463246732,152.1160255343911,143.23103444697028,1476.78443535538,1508.54326421234,14,17,45,74,60
2022-09-18,2022,0,,NO,TB,1549.79527571444,1639.94092030683,0.463875561422973,0.536124438577027,1527.80017583472,1661.93602018655,1520.81459647737,1624.66168067532,Jameis Winston,Tom Brady,151.1455566830497,225.22667228163397,3.1788404522027918,2.436047762719524,0.424998504346616,0.575001495653384,-89.15384715403748,102.9480221832965,127.11561629934101,212.99880727180022,1500.90772305067,1644.56855410202,10,20,82,93,88
2022-09-18,2022,0,,JAX,IND,1341.98294282052,1539.95025188679,0.31747038941784744,0.6825296105821526,1388.74903181728,1493.18416289003,1386.32579204207,1540.31028390983,Trevor Lawrence,Matt Ryan,104.73916120273451,124.99412671179489,-5.1682120874000175,-3.0226725406082613,0.353794067798617,0.646205932201383,316.6158415904583,-199.62456698174165,125.92682924150688,92.53225734244123,1430.00461050125,1496.63146545065,24,0,26,60,43
2022-09-18,2022,0,,NYG,CAR,1398.14970404759,1401.34151262844,0.5880225179755282,0.4119774820244718,1409.26000541879,1390.23121125724,1436.5746403702,1403.85307471063,Daniel Jones,Baker Mayfield,124.02895037123974,90.49515008479044,6.939080918039813,-6.911016108037466,0.636591309453944,0.363408690546056,92.58748764285602,77.92918959982332,120.88480409840137,89.23855403629373,1446.22335455338,1394.20436052745,19,16,13,53,33
2022-09-18,2022,0,,LAR,ATL,1576.96490149067,1430.6914705183,0.771391947654175,0.22860805234582504,1583.67875663439,1423.97761537458,1549.33034693542,1374.51504051891,Matthew Stafford,Marcus Mariota,175.50507770129036,131.8183527531697,-6.747533856423028,-1.6710111490627504,0.786169520608555,0.213830479391445,201.29719412396648,68.83824012345754,178.08428934355797,125.5203414901985,1555.57162797895,1368.27375947538,31,27,24,31,28
2022-09-18,2022,0,,SF,SEA,1547.90730110936,1530.92458073907,0.6158405719244223,0.3841594280755777,1570.45857087663,1508.3733109718,1533.01066540476,1441.43761610135,Trey Lance,Geno Smith,109.8326639501962,142.1990000903495,-12.287287652451582,-4.84800227588259,0.685737183537579,0.314262816462421,18.098693559680907,104.8757996517584,100.65926691114468,138.4666800464904,1551.03571427242,1423.41256723369,27,7,36,77,57
2022-09-18,2022,0,,DEN,HOU,1443.19661821403,1412.69577666966,0.6340768992690469,0.36592310073095313,1457.78179720842,1398.11059767527,1511.29949552005,1376.74992100957,Russell Wilson,Davis Mills,172.02621201859301,135.60263030173957,10.796198495212007,-7.1405734736889315,0.764648853184904,0.235351146815096,-23.866368014413318,-20.616127182704428,152.43695401529237,119.9807545532952,1520.25427956387,1367.79513696575,16,9,20,33,27
2022-09-18,2022,0,,OAK,ARI,1479.4414364438,1476.22667495643,0.5969266610907689,0.40307333890923114,1455.46674725315,1500.20136414708,1488.65434949936,1471.27392051646,Derek Carr,Kyler Murray,130.15873598189978,186.7184444831201,-13.697373255885665,-0.850182074543008,0.577348588726415,0.422651411273585,218.54967048710233,225.79191094276476,138.99782943242005,190.62579112908455,1465.61762397948,1494.31064603634,23,29,34,51,43
2022-09-18,2022,0,,DAL,CIN,1531.84827828739,1538.98526841849,0.5825101213853225,0.41748987861467746,1543.12691207908,1527.7066346268,1526.38638426966,1530.38415296829,Cooper Rush,Joe Burrow,17.02257642959844,158.61706611467835,-167.98678343012506,-3.9609160023737693,0.338962264548264,0.661037735451736,160.7429522467484,100.12995023416505,31.394614011313433,152.768354526627,1545.73468878877,1511.03584844918,20,17,19,53,36
2022-09-18,2022,0,,GB,CHI,1560.04972147529,1472.75319066956,0.70613569405987,0.29386430594013,1575.93742589285,1456.865486252,1560.48025951315,1442.47811072148,Aaron Rodgers,Justin Fields,221.71742542224595,104.17553281658952,-2.2557562381252536,-5.500198349912633,0.727584067740743,0.272415932259257,204.6589178861954,-10.251664419893126,220.01157466864092,92.73281309294127,1575.09427501588,1427.86409521875,27,10,46,67,57
2022-09-19,2022,0,,BUF,TEN,1652.04329627845,1543.71024748667,0.7306229067622005,0.26937709323779946,1669.7989544557,1525.95458930942,1646.63477867581,1517.10247993798,Josh Allen,Ryan Tannehill,273.8606438305376,150.20725510641344,15.814667039157666,-1.45840408164562,0.757619178448569,0.242380821551431,388.0688789347425,-44.50102330764123,285.28146734095805,130.736427265008,1662.44679669868,1501.29046191511,41,7,86,42,64
2022-09-19,2022,0,,PHI,MIN,1514.66315736239,1542.98737061431,0.5525855210291255,0.4474144789708745,1540.10293902281,1517.54758895389,1543.43590485699,1557.25719111153,Jalen Hurts,Kirk Cousins,167.98029117196205,200.71555883781235,5.610024865118869,7.109251055993457,0.553471873160305,0.446528126839695,401.6913235280319,-1.4361531741974998,191.35139440756905,180.50038763661138,1568.81822004637,1531.87487592215,24,7,76,66,71
2022-09-22,2022,0,,CLE,PIT,1499.8097891911,1511.8053739069,0.5756931608708925,0.4243068391291075,1521.06421908406,1490.55094401394,1491.68880812108,1476.78443535538,Jacoby Brissett,Mitch Trubisky,123.0988846145355,152.11602553439093,-66.7445551861288,-4.918817681645673,0.503186808331149,0.496813191668851,222.9896434164689,184.00244902961458,133.08796049472886,155.3046678839133,1517.14919402756,1451.3240494489,29,17,22,81,52
2022-09-25,2022,0,,CHI,HOU,1456.865486252,1398.11059767527,0.6709291364122651,0.32907086358773485,1465.50336786899,1389.47271605828,1427.86409521875,1367.79513696575,Justin Fields,Davis Mills,92.73281309294111,119.98075455329534,-10.946548294241335,-14.594482674226612,0.661240676027523,0.338759323972477,-132.2667585980677,91.76226300751058,70.23285592384023,117.15890539871687,1436.78534523802,1358.87388694648,23,20,4,28,16
2022-09-25,2022,0,,NYJ,CIN,1356.49066666668,1527.7066346268,0.3517334611235412,0.6482665388764588,1337.88471709035,1546.31258420313,1379.52384394483,1511.03584844918,Joe Flacco,Joe Burrow,131.56025083838077,152.76835452662715,28.560996557243364,-6.687225996280516,0.435142699359458,0.564857300640542,-58.85790434996405,196.95071675525497,112.51843531954626,157.18659074948994,1355.88147226792,1534.67822012609,12,27,25,36,31
2022-09-25,2022,0,,NE,BAL,1533.89521407925,1511.82046232936,0.6227512937472273,0.37724870625277274,1501.67018926106,1544.04548714755,1508.54326421234,1546.51686973589,Mac Jones,Lamar Jackson,143.23103444697034,205.60386177206433,0.03514581595601598,18.30630617904098,0.491078673453107,0.508921326546893,93.58033218354744,387.74179370780035,138.26596422062806,223.81765496563798,1484.20615551106,1570.85397843717,26,37,67,85,76
2022-09-25,2022,0,,IND,KC,1493.18416289003,1660.13013633389,0.35735835061988686,0.6426416493801131,1511.86775314706,1641.44654607686,1496.63146545065,1625.58092129609,Matt Ryan,Patrick Mahomes,92.53225734244107,276.8933217810157,-19.102473598254758,16.6523995646141,0.341278239177405,0.658721760822595,108.6984866786006,144.9913405265602,94.14888027605703,263.70312365557015,1515.89541182902,1606.31697491772,20,17,75,54,65
2022-09-25,2022,0,,CAR,NO,1390.23121125724,1527.80017583472,0.39705754525506537,0.6029424547449347,1417.6310179546,1500.40036913736,1394.20436052745,1500.90772305067,Baker Mayfield,Jameis Winston,89.23855403629385,127.1156162993409,-7.193763326883877,-8.995071762261743,0.42343261240377,0.57656738759623,41.006912089756796,155.57440427633807,84.41538984164013,129.96149509704063,1420.17435527919,1474.93772829893,22,14,19,55,37
2022-09-25,2022,0,,MIA,BUF,1578.58252165171,1669.7989544557,0.4623429632336678,0.5376570367663323,1590.53852868486,1657.84294742255,1559.89333778134,1662.44679669868,Tua Tagovailoa,Josh Allen,176.19392953603153,285.281467340958,17.92161221452834,20.73434544241006,0.425686104172103,0.574313895827897,202.88031887336598,342.50983815455544,178.862568469765,291.0043044223177,1572.81793497571,1649.52219950431,21,19,95,96,96
2022-09-25,2022,0,,TEN,OAK,1525.95458930942,1455.46674725315,0.685665180919437,0.31433481908056304,1532.46055860042,1448.96077796215,1501.29046191511,1465.61762397948,Ryan Tannehill,Derek Carr,130.73642726500785,138.99782943241996,-11.12089779826608,-8.59295786783149,0.624203467490922,0.375796532509078,179.15860641125138,212.87172600363056,135.5786451796322,146.385219089541,1509.22945689149,1457.6786290031,24,22,34,49,42
2022-09-25,2022,0,,WSH,PHI,1450.49433804842,1540.10293902281,0.4646444802815264,0.5353555197184736,1424.45684749266,1566.14042957857,1466.01257475725,1568.81822004637,Carson Wentz,Jalen Hurts,141.14414676750795,191.3513944075691,4.618955384107354,17.01507523966635,0.406049293679614,0.593950706320386,-84.88805449986279,253.1604257271969,118.54092664077086,197.5322975395319,1443.67491608608,1591.15587871754,8,24,62,83,73
2022-09-25,2022,0,,MIN,DET,1517.54758895389,1417.95317832347,0.7206084236601107,0.2793915763398893,1525.91485452282,1409.58591275454,1531.87487592215,1427.92760391256,Kirk Cousins,Jared Goff,180.50038763661135,156.96849459667925,-3.353797097406698,2.573513796201474,0.702021711012096,0.297978288987904,170.6653067442081,177.63304836725612,179.51687954737102,159.03494997373693,1540.8585340472,1418.94394578751,28,24,36,71,54
2022-09-25,2022,0,,LAC,JAX,1512.68127363981,1388.74903181728,0.7479260116164659,0.2520739883835341,1457.57946132553,1443.85084413156,1547.08824564997,1430.00461050125,Justin Herbert,Trevor Lawrence,230.03009511288508,125.92682924150702,10.966232915183333,5.68403253635645,0.737725172124327,0.262274827875673,132.73295238297038,337.6912142986734,220.30038083989365,147.10326774722367,1492.9875242115,1484.10533193972,10,38,46,55,51
2022-09-25,2022,0,,SEA,ATL,1508.3733109718,1423.97761537458,0.7026587226074313,0.29734127739256866,1484.10779775186,1448.24312859452,1423.41256723369,1368.27375947538,Geno Smith,Marcus Mariota,138.46668004649038,125.5203414901986,-6.471762184017911,-4.736466223095086,0.654259681041824,0.345740318958176,210.66862543339303,99.00004989732197,145.68687458518065,122.86831233091092,1401.23586040927,1390.4504662998,23,27,5,26,16
2022-09-25,2022,0,,TB,GB,1661.93602018655,1575.93742589285,0.7045829083710858,0.29541709162891416,1645.31387862427,1592.55956745513,1644.56855410202,1575.09427501588,Tom Brady,Aaron Rodgers,212.9988072718001,220.01157466864092,-3.7996871303334854,-2.9958938030214837,0.668800881108529,0.331199118891471,213.96720981672664,252.8601362192895,213.09564752629274,223.29643082370578,1629.01012363888,1590.65270547902,12,14,91,66,79
2022-09-25,2022,0,,ARI,LAR,1500.20136414708,1583.67875663439,0.4734339359874886,0.5265660640125114,1479.56983097462,1604.31028980685,1494.31064603634,1555.57162797895,Kyler Murray,Matthew Stafford,190.6257911290844,178.08428934355786,1.1460003521663344,-5.120551342468323,0.492929088056307,0.507070911943693,206.60261913290967,134.65847797837213,192.22347392946696,173.74170820703927,1472.6974010801,1577.18487293519,12,20,60,88,74
2022-09-25,2022,0,,DEN,SF,1457.78179720842,1570.45857087663,0.4318150596958398,0.5681849403041602,1465.83299255026,1562.40737553479,1520.25427956387,1551.03571427242,Russell Wilson,Jimmy Garoppolo,152.43695401529232,135.02877449578273,0.46175956880096436,18.10988579528336,0.505803055685553,0.494196944314447,36.56830068479544,30.540970192055763,140.8500886822426,124.57999406541006,1527.09276911751,1544.19722471878,11,10,71,68,70
2022-09-26,2022,0,,NYG,DAL,1409.26000541879,1543.12691207908,0.40217042462391367,0.5978295753760863,1393.04188572429,1559.34503177358,1446.22335455338,1545.73468878877,Daniel Jones,Cooper Rush,120.88480409840142,31.394614011313443,5.020053735718559,-152.4014254677614,0.655994024270169,0.344005975729831,74.29974373808183,193.1290211354572,116.22629806236947,47.56805472372782,1417.47608762271,1574.48195571944,16,23,14,82,48
2022-09-29,2022,0,,CIN,MIA,1546.31258420313,1590.53852868486,0.5298606921162158,0.4701393078837842,1570.20464767434,1566.64646521365,1534.67822012609,1572.81793497571,Joe Burrow,Tua Tagovailoa,157.18659074949005,178.86256846976497,-4.143746585034863,18.359851070668476,0.488205435624,0.511794564376,231.30063726245285,-6.11871811684089,164.59799540078635,160.36443981110438,1561.03095347211,1546.46520162969,27,15,77,73,75
2022-10-02,2022,1,,NO,MIN,1500.40036913736,1525.91485452282,0.46334756829545903,0.5366524317045409,1487.70092839369,1538.61429526649,1474.93772829893,1540.8585340472,Andy Dalton,Kirk Cousins,87.91653929998269,179.51687954737085,-49.167334572356886,-3.6778612871566563,0.344946151995755,0.655053848004245,170.36768696451833,138.25285750089395,96.16165406643626,175.39047734272316,1465.83477326384,1549.96148908229,25,28,37,68,53
2022-10-02,2022,0,,PIT,NYJ,1490.55094401394,1337.88471709035,0.7778165873167298,0.22218341268327024,1462.76486129255,1365.67079981174,1451.3240494489,1355.88147226792,Mitch Trubisky,Zach Wilson,155.30466788391323,81.88119576250614,-3.0785556228022113,-13.025200587076256,0.709732046049233,0.290267953950767,-125.77052806688272,75.51645226127046,127.19714828883366,81.24472141238257,1426.74327437806,1380.46224733876,20,24,6,13,10
2022-10-02,2022,0,,PHI,JAX,1566.14042957857,1443.85084413156,0.7461390913011219,0.2538609086988781,1576.421015132,1433.57025857813,1591.15587871754,1484.10533193972,Jalen Hurts,Trevor Lawrence,197.53229753953178,147.10326774722367,19.2547730436643,15.988050162396842,0.717615707452057,0.282384292547943,103.62259577944691,11.0626392407553,188.1413273635233,133.49920489657686,1602.71391322629,1472.54729743097,29,21,74,50,62
2022-10-02,2022,0,,BAL,BUF,1544.04548714755,1657.84294742255,0.4302329562233536,0.5697670437766464,1532.37573947329,1669.51269509681,1570.85397843717,1649.52219950431,Lamar Jackson,Josh Allen,223.817654965638,291.0043044223177,26.49788746687566,22.55904671096931,0.46410703405451,0.53589296594549,167.29259394532278,198.4276065899952,218.1651488636065,281.74663463908547,1558.13068923305,1662.24548870843,20,23,96,79,88
2022-10-02,2022,0,,DAL,WSH,1559.34503177358,1424.45684749266,0.7596294182073948,0.24037058179260518,1571.56382839022,1412.23805087602,1574.48195571944,1443.67491608608,Cooper Rush,Carson Wentz,47.56805472372788,118.54092664077079,-136.69463383816614,-6.913602448466676,0.577848737577422,0.422151262422578,158.95869545646187,38.541047566802874,58.70711879700128,110.54093873337399,1597.32471581139,1420.83215599413,25,10,19,81,50
2022-10-02,2022,0,,HOU,LAC,1389.47271605828,1457.57946132553,0.49552915332200037,0.5044708466779997,1365.74168770896,1481.31048967485,1358.87388694648,1492.9875242115,Davis Mills,Justin Herbert,117.15890539871694,220.3003808398935,-15.27568311780456,5.553064132928384,0.358929498621981,0.641070501378019,83.83294459936604,293.74287034746055,113.82630931878187,227.64462979065024,1342.41422256305,1509.44718859493,24,34,12,30,21
2022-10-02,2022,0,,IND,TEN,1511.86775314706,1532.46055860042,0.5635613439413492,0.43643865605865084,1487.94705432856,1556.38125741892,1515.89541182902,1509.22945689149,Matt Ryan,Ryan Tannehill,94.14888027605708,135.57864517963225,-17.339038451533927,-8.143743951040495,0.567443250108719,0.432556749891281,213.744430719074,121.8680645158571,106.10843532035877,134.20758711325476,1491.77923800611,1533.3456307144,17,24,49,88,69
2022-10-02,2022,0,,DET,SEA,1409.58591275454,1484.10779775186,0.48630033573111325,0.5136996642688867,1396.16090964245,1497.53280086395,1418.94394578751,1401.23586040927,Jared Goff,Geno Smith,159.03494997373696,145.68687458518048,3.4780657949201914,-2.5380768054721328,0.613331731507159,0.386668268492841,349.10633841808226,433.3583324226222,178.0420888181715,174.45402036892463,1401.29588656166,1418.88391963512,45,48,10,42,26
2022-10-02,2022,0,,NYG,CHI,1393.04188572429,1465.50336786899,0.48926371454723,0.51073628545277,1415.5623119932,1442.98294160008,1417.47608762271,1436.78534523802,Daniel Jones,Justin Fields,116.22629806236932,70.23285592384016,2.439798030916624,-21.649199464079885,0.580295893716159,0.419704106283841,245.21044087276007,-11.59113890569074,129.12471234340842,62.05045644088707,1435.45969721141,1418.80173564932,20,12,12,65,39
2022-10-02,2022,0,,ATL,CLE,1448.24312859452,1521.06421908406,0.48874644683202256,0.5112535531679774,1462.46865929848,1506.8386883801,1390.4504662998,1517.14919402756,Marcus Mariota,Jacoby Brissett,122.86831233091107,133.0879604947289,-5.825657491584154,-58.41278948672574,0.46664792382573,0.53335207617427,-44.35138240624113,106.05148517734847,106.14634285719586,130.38431296299086,1405.39579811888,1502.20386220848,23,20,13,49,31
2022-10-02,2022,0,,CAR,ARI,1417.6310179546,1479.56983097462,0.5044052881978697,0.4955947118021303,1393.40709048109,1503.79375844813,1420.17435527919,1472.6974010801,Baker Mayfield,Kyler Murray,84.41538984164022,192.22347392946685,-9.245657257866473,1.8875417347492087,0.488748071072624,0.511251928927376,-12.02815490492154,241.8119750781461,74.77103536698404,197.1823240443348,1396.81804216046,1496.05371419883,16,26,20,53,37
2022-10-02,2022,0,,GB,NE,1592.55956745513,1501.67018926106,0.7104090243023244,0.28959097569767556,1600.05744361846,1494.17231309773,1590.65270547902,1484.20615551106,Aaron Rodgers,Brian Hoyer,223.29643082370592,121.36070671064769,-1.2036710353377613,-19.354404097993147,0.73443898129172,0.26556101870828,169.66099503803537,21.735140341515148,217.93288724513883,111.39815007373443,1597.46816381845,1477.39069717163,27,24,61,45,53
2022-10-02,2022,0,,OAK,DEN,1448.96077796215,1465.83299255026,0.5688218149109188,0.43117818508908123,1468.39218065444,1446.40158985797,1457.6786290031,1527.09276911751,Derek Carr,Russell Wilson,146.38521908954095,140.85008868224247,-4.46961514587951,-5.354761076164184,0.474958505998602,0.525041494001398,141.51021269807796,234.84696710631385,145.89771845039465,150.24977652464963,1482.0506117749,1502.72078634571,32,23,41,68,55
2022-10-02,2022,0,,TB,KC,1645.31387862427,1641.44654607686,0.5978301648134003,0.40216983518659966,1615.71670595005,1671.04371875108,1629.01012363888,1606.31697491772,Tom Brady,Patrick Mahomes,213.0956475262926,263.70312365557015,-3.561282646570781,9.224680523660545,0.58927059008091,0.41072940991909,402.20985336029514,223.68342042394985,232.00706810969282,259.7011533324081,1599.92084863779,1635.40624991881,31,41,94,45,70
2022-10-03,2022,0,,SF,LAR,1562.40737553479,1604.31028980685,0.5331904983980441,0.4668095016019559,1588.02385166035,1578.69381368129,1544.19722471878,1577.18487293519,Jimmy Garoppolo,Matthew Stafford,124.57999406541018,173.74170820703927,11.980001290332906,-7.035814343604094,0.551746943497436,0.448253056502564,207.12877919188915,-6.5438233338192,132.83487257805805,155.71315505295343,1568.6525112527,1552.72958640127,24,9,78,94,86
2022-10-06,2022,0,,DEN,IND,1446.40158985797,1487.94705432856,0.5337026081361624,0.46629739186383756,1431.44475443088,1502.90388975565,1502.72078634571,1491.77923800611,Russell Wilson,Matt Ryan,150.24977652464966,106.10843532035868,-0.3871791011523811,-10.492309006806321,0.604539097850764,0.395460902149236,-32.429047694310626,-59.96900692120107,131.9818941027536,89.5006910962027,1485.37820360013,1509.12182075169,9,12,44,79,62
2022-10-09,2022,1,,GB,NYG,1600.05744361846,1415.5623119932,0.7430800747214923,0.2569199252785077,1570.99151856345,1444.62823704821,1597.46816381845,1435.45969721141,Aaron Rodgers,Daniel Jones,217.9328872451389,129.12471234340853,-3.8252592728542325,8.767015269890459,0.702683373007178,0.297316626992822,190.91470905521882,227.1946743400643,215.2310694261469,138.9317085430741,1570.45256873103,1462.47529229883,22,27,56,67,62
2022-10-09,2022,0,,TB,ATL,1615.71670595005,1462.46865929848,0.7783948546485123,0.22160514535148768,1623.56281705882,1454.62254818971,1599.92084863779,1405.39579811888,Tom Brady,Marcus Mariota,232.00706810969294,106.14634285719583,6.072491777457956,-13.895359353862471,0.821200154313861,0.178799845686139,262.745201934106,92.0155404183774,235.08088149213424,104.73326261331398,1606.13175730623,1399.18488945044,21,15,44,45,45
2022-10-09,2022,0,,NO,SEA,1487.70092839369,1497.53280086395,0.5787327259095922,0.42126727409040776,1504.79235009516,1480.44137916248,1465.83477326384,1418.88391963512,Andy Dalton,Geno Smith,96.16165406643609,174.45402036892466,-42.58641046051261,11.97239992667367,0.570718359062976,0.429281640937024,72.56731251280202,256.3765056414741,93.80221991107268,182.6462688961796,1483.29545323506,1401.4232396639,39,32,15,48,32
2022-10-09,2022,0,,JAX,HOU,1433.57025857813,1365.74168770896,0.6823565334234276,0.3176434665765724,1403.3683594608,1395.94358682629,1472.54729743097,1342.41422256305,Trevor Lawrence,Davis Mills,133.49920489657686,113.82630931878195,8.386616228953706,-16.178197001881855,0.76669435753846,0.23330564246154,94.88201784571257,71.34775700609964,129.6374861914904,109.57845408751372,1437.35526284553,1377.60625714849,6,13,7,22,15
2022-10-09,2022,0,,CLE,LAC,1506.8386883801,1481.31048967485,0.6274101372294277,0.37258986277057227,1492.46146778849,1495.68771026646,1502.20386220848,1509.44718859493,Jacoby Brissett,Justin Herbert,130.3843129629909,227.64462979065027,-56.84397377825859,8.947535401660355,0.476792547476601,0.523207452523399,190.4875883850228,202.3624777296959,136.39464050519408,225.11641458455486,1491.80394626745,1519.84710453596,28,30,38,88,63
2022-10-09,2022,0,,WSH,TEN,1412.23805087602,1556.38125741892,0.38803372496251953,0.6119662750374805,1400.18145337725,1568.43785491769,1420.83215599413,1533.3456307144,Carson Wentz,Ryan Tannehill,110.54093873337403,134.20758711325482,-10.56791627974172,-8.422085786677181,0.409368694919429,0.590631305080571,261.76350019874536,-9.07294830073632,125.66319487991119,119.8795335718557,1408.02577677585,1546.15200993268,17,21,31,46,39
2022-10-09,2022,0,,NYJ,MIA,1365.67079981174,1566.64646521365,0.3137299014969036,0.6862700985030964,1412.16450836946,1520.15275665593,1380.46224733876,1546.46520162969,Zach Wilson,Teddy Bridgewater,81.24472141238243,129.30248800640985,-12.692177732784337,-22.86915761688988,0.356228053895643,0.643771946104357,121.36189641495513,-38.00571064791369,85.25643891263971,112.5716681409775,1423.38686636664,1503.54058260181,40,17,20,50,35
2022-10-09,2022,0,,BUF,PIT,1669.51269509681,1462.76486129255,0.8269704076828105,0.1730295923171895,1680.55039552486,1451.7271608645,1662.24548870843,1426.74327437806,Josh Allen,Kenny Pickett,281.74663463908564,104.28659999999999,16.80225948380492,-39.888935928035686,0.877202160480171,0.122797839519829,481.2369206638323,185.95425526368172,301.6956632415602,112.45336552636817,1669.86368444295,1419.12507864354,38,3,58,10,34
2022-10-09,2022,0,,MIN,CHI,1538.61429526649,1442.98294160008,0.7159923688953239,0.2840076311046761,1549.62211301646,1431.97512385011,1549.96148908229,1418.80173564932,Kirk Cousins,Justin Fields,175.39047734272316,62.050456440886975,-5.557169325122573,-24.657939232352586,0.760126597412011,0.239873402587989,297.9262098447472,202.73559363191737,187.64405059292557,76.11897015999001,1559.10482823785,1409.65839649376,29,22,31,51,41
2022-10-09,2022,0,,NE,DET,1494.17231309773,1396.16090964245,0.7187700992562438,0.2812299007437562,1511.98298029505,1378.35024244513,1477.39069717163,1401.29588656166,Bailey Zappe,Jared Goff,51.236459999999994,178.04208881817135,-83.52965228528447,12.807731927391378,0.544278571168785,0.455721428831215,108.38670681711642,33.76423630175871,56.95148468171164,163.61430356653008,1507.96199270878,1370.72459102451,29,0,8,33,21
2022-10-09,2022,0,,CAR,SF,1393.40709048109,1588.02385166035,0.32166425369464996,0.6783357463053501,1374.35787919258,1607.07306294886,1396.81804216046,1568.6525112527,Baker Mayfield,Jimmy Garoppolo,74.77103536698411,132.83487257805797,-13.605551632301315,15.508440482139989,0.304993655633397,0.695006344366603,-8.89034115150324,175.56766733986393,66.40489771513538,137.10815205423853,1378.85985391018,1586.61069950298,15,37,36,40,38
2022-10-09,2022,0,,LAR,DAL,1578.69381368129,1571.56382839022,0.6023373343353021,0.3976626656646979,1546.74710222244,1603.51053984907,1552.72958640127,1597.32471581139,Matthew Stafford,Cooper Rush,155.71315505295328,58.70711879700129,-15.698300203466752,-124.29037010962108,0.663044227022527,0.336955772977473,133.27028620408768,-14.461368752080139,153.46886816806673,51.39027004209315,1516.79544453989,1633.25885767277,10,22,51,71,61
2022-10-09,2022,0,,ARI,PHI,1503.79375844813,1576.421015132,0.4890252582664149,0.510974741733585,1490.28194386947,1589.93282971066,1496.05371419883,1602.71391322629,Kyler Murray,Jalen Hurts,197.18232404433485,188.14132736352326,4.272589705445811,13.596549303476692,0.415962785175685,0.584037214824315,242.13579829434235,307.3195438559496,201.6776714693356,200.0591490127659,1484.82176467452,1613.9458627506,17,20,75,82,79
2022-10-09,2022,0,,BAL,CIN,1532.37573947329,1570.20464767434,0.5390228225725583,0.4609771774274417,1542.38087492355,1560.19951222408,1558.13068923305,1561.03095347211,Lamar Jackson,Joe Burrow,218.16514886360665,164.59799540078632,22.34674004251621,-0.23085693013513264,0.599463560474893,0.400536439525107,156.51350880462627,143.26251727612043,211.99998485770863,162.46444758831973,1566.65980607117,1552.50183663399,19,17,81,96,89
2022-10-10,2022,0,,KC,OAK,1671.04371875108,1468.39218065444,0.823570254634364,0.17642974536563605,1673.22426906861,1466.21163033691,1635.40624991881,1482.0506117749,Patrick Mahomes,Derek Carr,259.701153332408,145.89771845039456,6.762461335896419,-4.489884708158853,0.778037212554686,0.221962787445314,303.2609097666231,149.08565170790575,264.0571289758295,146.21651177614567,1638.20601835742,1479.25084333629,30,29,75,52,64
2022-10-13,2022,0,,CHI,WSH,1431.97512385011,1400.18145337725,0.6358019162901458,0.3641980837098542,1408.14247373148,1424.01410349588,1409.65839649376,1408.02577677585,Justin Fields,Carson Wentz,76.11897015999011,125.66319487991115,-16.390785411183483,-2.478392392486228,0.555614036161055,0.444385963838945,67.90699012992543,-38.09380963186524,75.29777215698365,109.28749442873351,1389.39036038077,1428.29381288884,7,12,7,17,12
2022-10-16,2022,0,,CLE,NE,1492.46146778849,1511.98298029505,0.5650775449260808,0.43492245507391925,1455.7863818311,1548.65806625244,1491.80394626745,1507.96199270878,Jacoby Brissett,Bailey Zappe,136.39464050519405,56.95148468171151,-50.99661131824414,-76.49565733016459,0.585744748335705,0.414255251664295,-52.437684497704105,262.5006448588362,117.51140800490423,77.50640069942399,1453.52638099355,1546.23955798268,15,38,18,75,47
2022-10-16,2022,0,,IND,JAX,1502.90388975565,1403.3683594608,0.7205401786209686,0.27945982137903136,1513.71755510001,1392.55469411644,1509.12182075169,1437.35526284553,Matt Ryan,Trevor Lawrence,89.50069109620253,129.63748619149052,-18.271565668544095,6.036426064962808,0.638658630986731,0.361341369013269,440.6466601714188,239.42869570603006,124.61528800372416,140.61660714294447,1523.50282974883,1422.97425384839,34,27,31,83,57
2022-10-16,2022,0,,MIA,MIN,1520.15275665593,1549.62211301646,0.5509551967558517,0.4490448032441483,1495.5438699495,1574.23099972289,1503.54058260181,1559.10482823785,Skylar Thompson,Kirk Cousins,1.3602600000000198,187.64405059292574,-141.302517809739,0.8474757662349091,0.305053851672741,0.694946148327259,21.62510496594657,99.09009260983238,3.3867444965946745,178.7886547946164,1490.95347876226,1571.6919320774,16,24,25,54,40
2022-10-16,2022,0,,GB,NYJ,1570.99151856345,1412.16450836946,0.7838850322217273,0.21611496777827266,1520.54469862846,1462.61132830445,1570.45256873103,1423.38686636664,Aaron Rodgers,Zach Wilson,215.23106942614695,85.25643891263961,-4.984905218707577,-10.051710096016704,0.763747164442916,0.236252835557084,89.2608659001071,4.60123163868621,202.63404907354294,77.19091818524427,1521.79412018748,1472.04531491019,10,27,41,41,41
2022-10-16,2022,0,,ATL,SF,1454.62254818971,1607.07306294886,0.3767406677205822,0.6232593322794178,1489.77626797901,1571.91934315956,1399.18488945044,1586.61069950298,Marcus Mariota,Jimmy Garoppolo,104.73326261331384,137.10815205423864,-13.907131508110508,16.869658196123364,0.283597085232963,0.716402914767037,320.53046692169676,197.76423285302573,126.31298304415213,143.17376013411732,1441.04937140159,1544.74621755183,28,14,41,39,40
2022-10-16,2022,0,,NO,CIN,1504.79235009516,1560.19951222408,0.5138016964340508,0.4861983035659492,1488.18128091291,1576.81058140633,1483.29545323506,1552.50183663399,Andy Dalton,Joe Burrow,93.80221991107275,162.46444758831967,-41.63680701516864,-1.2860879898616076,0.417227779479242,0.582772220520758,99.48412438001994,404.5639713750261,94.37041035796747,186.67439996699034,1470.21067043133,1565.58661943772,26,30,46,65,56
2022-10-16,2022,0,,PIT,TB,1451.7271608645,1623.56281705882,0.35092050680625303,0.6490794931937469,1466.71681766084,1608.57316026248,1419.12507864354,1606.13175730623,Kenny Pickett,Tom Brady,112.45336552636824,235.08088149213424,-33.81110636844962,7.3057738798057015,0.266423783399804,0.733576216600196,91.34105441308353,154.53136564626553,110.34213441503977,227.02592990754738,1436.644546034,1588.61228991577,20,18,43,13,28
2022-10-16,2022,0,,NYG,BAL,1444.62823704821,1542.38087492355,0.4530042961094433,0.5469957038905566,1462.50143792194,1524.50767404982,1462.47529229883,1566.65980607117,Daniel Jones,Lamar Jackson,138.93170854307414,211.99998485770863,13.232162606228608,18.146821037441583,0.41487164699654,0.58512835300346,79.63568242793954,177.70526461808274,133.00210593156066,208.57051283374602,1481.83552121727,1547.29957715273,24,20,63,64,64
2022-10-16,2022,0,,LAR,CAR,1546.74710222244,1374.35787919258,0.7968176840038742,0.2031823159961258,1556.67987286316,1364.42510855186,1516.79544453989,1378.85985391018,Matthew Stafford,P.J. Walker,153.46886816806676,17.086696004258595,-16.035528635736725,-66.42654458748741,0.804271475661248,0.195728524338752,185.56557498849577,3.7179907011489,156.67853885010967,15.749825473947626,1526.33209676608,1369.32320168399,24,10,7,16,12
2022-10-16,2022,0,,SEA,ARI,1480.44137916248,1490.28194386947,0.5787205268959291,0.4212794731040709,1500.15089407129,1470.57242896066,1401.4232396639,1484.82176467452,Geno Smith,Kyler Murray,182.64626889617955,201.6776714693357,15.469904193967405,6.306633932674031,0.469621029374876,0.530378970625124,57.949857678777235,100.91523790278679,170.1766277744393,191.6014281126808,1427.10583813024,1459.13916620818,19,9,25,62,44
2022-10-16,2022,0,,KC,BUF,1673.22426906861,1680.55039552486,0.5822453207370646,0.4177546792629354,1653.97796571348,1699.79669887999,1638.20601835742,1669.86368444295,Patrick Mahomes,Josh Allen,264.05712897582936,301.6956632415604,8.602326090812157,25.93666081085211,0.504490181646801,0.495509818353199,207.9728335161226,313.85766013813566,258.4486994298587,302.9118629312179,1621.94404207969,1686.12566072068,20,24,99,99,99
2022-10-16,2022,0,,PHI,DAL,1589.93282971066,1603.51053984907,0.5734669607702788,0.4265330392297212,1609.12676741741,1584.31660214232,1613.9458627506,1633.25885767277,Jalen Hurts,Cooper Rush,200.0591490127659,51.39027004209318,18.875632662924165,-121.73427598159411,0.732767101266187,0.267232898733813,136.80306290950827,-35.9847006047496,193.73354040244016,42.652772977408894,1625.34448973518,1621.86023068819,26,17,81,93,87
2022-10-17,2022,0,,LAC,DEN,1495.68771026646,1431.44475443088,0.6778660520713167,0.32213394792868333,1504.12357947215,1423.00888522519,1519.84710453596,1485.37820360013,Justin Herbert,Russell Wilson,225.1164145845549,131.9818941027536,7.2360510285297375,-9.50176135704279,0.644344735841221,0.355655264158779,124.825734440484,50.909499981396536,215.08734657014784,123.8746546906179,1529.26597895458,1475.95932918151,19,16,49,84,67
2022-10-20,2022,0,,ARI,NO,1470.57242896066,1488.18128091291,0.5677814910150898,0.4322185089849102,1489.16552958226,1469.58818029131,1459.13916620818,1470.21067043133,Kyler Murray,Andy Dalton,191.60142811268085,94.37041035796736,0.9531805577127925,-39.270871440963035,0.617404746875096,0.382595253124904,187.6220638218993,272.4886558104635,191.20349168360272,112.18223490321698,1475.33993602805,1454.00990061146,42,34,21,41,31
2022-10-23,2022,0,,JAX,NYG,1392.55469411644,1462.50143792194,0.492881544413353,0.507118455586647,1373.41566461424,1481.64046742414,1422.97425384839,1481.83552121727,Trevor Lawrence,Daniel Jones,140.61660714294433,133.0021059315607,11.224165237441532,9.60575317016041,0.492511221247759,0.507488778752241,202.77629240280356,360.50061817847217,146.83257566893028,155.75195715625185,1403.85183647045,1500.95793859521,17,23,29,55,42
2022-10-23,2022,0,,DAL,DET,1584.31660214232,1378.35024244513,0.8263257648212061,0.17367423517879388,1593.42252144071,1369.24432314674,1621.86023068819,1370.72459102451,Dak Prescott,Jared Goff,174.23869398919962,163.61430356653008,11.569610296934238,4.953452705201214,0.837996406243118,0.162003593756882,113.82366249188549,33.89920077965784,168.1971908394682,150.64279328784284,1630.30462271622,1362.28019899648,24,6,45,11,28
2022-10-23,2022,0,,WSH,GB,1424.01410349588,1520.54469862846,0.45474798957007423,0.5452520104299258,1436.16871565703,1508.39008646731,1428.29381288884,1521.79412018748,Taylor Heinicke,Aaron Rodgers,94.31476612965,202.63404907354288,-25.51505129753414,-11.034170134074108,0.419365514397056,0.580634485602944,156.13746107237685,197.137931639054,100.49703562392267,202.08443733009398,1441.38808432231,1508.69984875401,23,21,25,55,40
2022-10-23,2022,0,,BAL,CLE,1524.50767404982,1455.7863818311,0.6834693283871707,0.31653067161282933,1532.78090111092,1447.51315477,1547.29957715273,1453.52638099355,Lamar Jackson,Jacoby Brissett,208.57051283374614,117.51140800490421,15.524743973588187,-57.888397002477014,0.777251552045486,0.222748447954514,78.40190363151926,109.94018932216748,195.55365191352342,116.75428613663054,1552.92076920448,1447.9051889418,23,20,35,51,43
2022-10-23,2022,0,,TEN,IND,1568.43785491769,1513.71755510001,0.6657812499565898,0.3342187500434102,1583.03485306235,1499.12055695535,1546.15200993268,1523.50282974883,Ryan Tannehill,Matt Ryan,119.87953357185563,124.61528800372442,-15.165008268042929,0.19931106864403603,0.615817714603401,0.384182285396599,33.713551936353625,85.2916162044332,111.26293540830544,120.6829208237953,1563.20877012352,1506.44606955799,19,10,62,96,79
2022-10-23,2022,0,,CAR,TB,1364.42510855186,1608.57316026248,0.2628400774370888,0.7371599225629112,1411.68388281055,1561.31438600379,1369.32320168399,1588.61228991577,P.J. Walker,Tom Brady,15.74982547394764,227.02592990754732,-63.773652623268575,2.9130093935220414,0.205178987687266,0.794821012312734,212.14029270805435,186.48358725469603,35.38887219735831,222.9716956422622,1421.73370015621,1536.20179144355,21,3,18,21,20
2022-10-23,2022,0,,CIN,ATL,1576.81058140633,1489.77626797901,0.705822374692614,0.294177625307386,1593.01454353375,1473.57230585159,1565.58661943772,1441.04937140159,Joe Burrow,Marcus Mariota,186.67439996699042,126.31298304415229,10.883192598966925,-2.4219147172855746,0.746910167027539,0.253089832972461,493.0923122259981,92.1662091766439,217.3161911928912,122.89830565740147,1579.31742672869,1427.31856411062,35,17,51,53,52
2022-10-23,2022,0,,OAK,HOU,1466.21163033691,1395.94358682629,0.6853924169041702,0.3146075830958298,1483.66533749008,1378.48987967312,1479.25084333629,1377.60625714849,Derek Carr,Davis Mills,146.2165117761457,109.57845408751362,-4.1059938098754145,-17.493214767422135,0.72525276853336,0.27474723146664,212.8642079690521,195.66415529391685,152.88128139543633,118.18702420815394,1494.27855046153,1362.57855002325,38,20,12,14,13
2022-10-23,2022,0,,DEN,NYJ,1423.00888522519,1462.61132830445,0.5364850582297375,0.46351494177026253,1400.43651569372,1485.18369783592,1475.95932918151,1472.04531491019,Brett Rypien,Zach Wilson,5.5743993100684675,77.19091818524427,-131.38054837580788,-13.58188495491366,0.416315449930239,0.583684550069761,24.04411362072687,60.4707387340848,7.421370741134308,75.51890024012832,1459.09523835012,1488.90940574158,9,16,7,65,36
2022-10-23,2022,0,,LAC,SEA,1504.12357947215,1500.15089407129,0.5979759668326308,0.40202403316736923,1470.68836597196,1533.58610757148,1529.26597895458,1427.10583813024,Justin Herbert,Geno Smith,215.0873465701478,170.1766277744392,1.8597144698995605,8.461588423398664,0.701099155500114,0.298900844499886,195.82576702327253,150.96031599795165,213.16118861546022,168.25499659679045,1488.55300430423,1467.81881278059,23,37,39,57,48
2022-10-23,2022,0,,SF,KC,1571.91934315956,1653.97796571348,0.4754703765963593,0.5245296234036407,1542.75152567626,1683.14578319678,1544.74621755183,1621.94404207969,Jimmy Garoppolo,Patrick Mahomes,143.17376013411734,258.4486994298587,19.05897932625655,5.367995013286254,0.487353525184417,0.512646474815583,73.7310681468537,395.220234591237,136.22949093539097,272.12585294599654,1514.73750109083,1651.95275854069,23,44,88,61,75
2022-10-23,2022,0,,MIA,PIT,1495.5438699495,1466.71681766084,0.6318384550757838,0.36816154492421616,1509.28597338576,1452.97471422458,1490.95347876226,1436.644546034,Tua Tagovailoa,Kenny Pickett,160.36443981110452,110.34213441503967,23.75354564355531,-33.17616660569145,0.719832874373222,0.280167125626778,225.6410883795773,96.41187899496582,166.8921046679518,108.94910887303227,1501.10097253349,1426.49705226277,16,10,27,44,36
2022-10-24,2022,0,,NE,CHI,1548.65806625244,1408.14247373148,0.7654944750181457,0.23450552498185429,1498.06778547644,1458.73275450748,1546.23955798268,1389.39036038077,Mac Jones,Justin Fields,138.2659642206282,75.29777215698374,-1.633852933595846,-15.981845142127595,0.783306347015541,0.216693652984459,-6.19282813464711,191.38049074280596,123.82008498510065,86.90604401556597,1494.00810617296,1441.62181219049,14,33,25,22,24
2022-10-27,2022,0,,TB,BAL,1561.31438600379,1532.78090111092,0.6314452630857326,0.36855473691426743,1537.68167552013,1556.41361159458,1536.20179144355,1552.92076920448,Tom Brady,Lamar Jackson,222.97169564226215,195.55365191352342,0.7402417912035162,8.240076314797477,0.540015223934287,0.459984776065713,145.659470871684,267.49956908827676,215.24047316520432,202.74824363099873,1516.60199421217,1572.52056643586,22,27,72,66,69
2022-10-30,2022,1,,JAX,DEN,1373.41566461424,1400.43651569372,0.46119208145785173,0.5388079185421483,1358.7505837283,1415.10159657966,1403.85183647045,1459.09523835012,Trevor Lawrence,Russell Wilson,146.83257566893013,123.87465469061792,13.770941238562198,-7.434751292000997,0.451171912995324,0.548828087004676,17.813492813005592,66.56187828517524,133.9306673833377,118.14337705007367,1389.55043955781,1473.39663526276,17,21,18,18,18
2022-10-30,2022,0,,DAL,CHI,1593.42252144071,1458.73275450748,0.7594208024126747,0.24057919758732527,1606.85248480875,1445.30279113944,1630.30462271622,1441.62181219049,Dak Prescott,Justin Fields,168.19719083946833,86.90604401556594,7.970378207221977,-9.378616955729997,0.815332620577063,0.184667379422937,338.9331042877098,294.19053175630006,185.2707821842925,107.63449278963935,1640.36893436123,1431.55750054548,49,29,63,23,43
2022-10-30,2022,0,,NO,OAK,1469.58818029131,1483.66533749008,0.5727635683559068,0.4272364316440932,1496.47036558331,1456.78315219808,1454.00990061146,1494.27855046153,Andy Dalton,Derek Carr,112.18223490321705,152.8812813954363,-28.40141559628989,-0.568309309736204,0.480758245937819,0.519241754062181,225.11723854484603,-70.94274835357083,123.47573526737993,130.4988784205356,1487.6418952548,1460.64655581819,24,0,28,45,37
2022-10-30,2022,0,,ATL,CAR,1473.57230585159,1411.68388281055,0.674899292178596,0.325100707821404,1482.09448166277,1403.16170699937,1427.31856411062,1421.73370015621,Marcus Mariota,P.J. Walker,122.89830565740155,35.38887219735846,-4.008157674796782,-50.76544663039971,0.642614515800759,0.357385484199241,223.9856989075863,114.97398763032434,133.00704498242,43.34738374065505,1436.78864716437,1412.26361710246,37,34,6,66,36
2022-10-30,2022,0,,MIN,ARI,1574.23099972289,1489.16552958226,0.7034636268839595,0.29653637311604053,1586.43002510154,1476.96650420361,1571.6919320774,1475.33993602805,Kirk Cousins,Kyler Murray,178.78865479461655,191.20349168360286,-3.6225959212314365,0.70655331528839,0.727785959441867,0.272214040558133,228.47051403556543,227.75014073327438,183.75684071871143,194.85815658857,1582.79226239924,1464.23960570621,34,26,59,36,48
2022-10-30,2022,0,,PHI,PIT,1609.12676741741,1452.97471422458,0.7812650176031771,0.21873498239682287,1621.59069339586,1440.51078824613,1625.34448973518,1426.49705226277,Jalen Hurts,Kenny Pickett,193.73354040244016,108.94910887303244,14.769046724615036,-32.213871046410574,0.863562685543557,0.136437314456443,294.51532497622355,10.99082544111288,203.8117188598185,99.15328052984049,1632.81237283722,1419.02916916073,35,13,52,10,31
2022-10-30,2022,0,,NYJ,NE,1485.18369783592,1498.06778547644,0.5744433253003199,0.42555667469968006,1464.0989344463,1519.15254886606,1488.90940574158,1494.00810617296,Zach Wilson,Mac Jones,75.51890024012829,123.82008498510056,-13.738799679725998,-8.775099904679795,0.556314055607149,0.443685944392851,79.47775722129077,0.6981989553155264,75.91478593824453,111.50789638212206,1468.61120737483,1514.30630453971,17,22,38,88,63
2022-10-30,2022,0,,DET,MIA,1369.24432314674,1509.28597338576,0.3936549467320745,0.6063450532679255,1356.9910175392,1521.5392789933,1362.28019899648,1501.10097253349,Jared Goff,Tua Tagovailoa,150.64279328784278,166.89210466795186,-1.7799750694024274,25.82970078980115,0.342654172614322,0.657345827385678,271.07757606084243,374.7387703829154,162.68627156514276,187.67677123944821,1351.79022504438,1511.59094648559,27,31,19,31,25
2022-10-30,2022,0,,HOU,TEN,1378.48987967312,1583.03485306235,0.3093231706533921,0.6906768293466079,1366.39280260908,1595.13193012639,1362.57855002325,1563.20877012352,Davis Mills,Malik Willis,118.18702420815377,74.36088,-12.31426896873095,-55.617112344721285,0.352068897458936,0.647931102541064,-6.4566735901635,-90.52271141377562,105.72265442832204,57.87252085862243,1348.60923230921,1577.17808783756,10,17,15,29,22
2022-10-30,2022,0,,SEA,NYG,1533.58610757148,1481.64046742414,0.662217805249864,0.33778219475013604,1550.95732659412,1464.2692484015,1467.81881278059,1500.95793859521,Geno Smith,Daniel Jones,168.2549965967904,155.75195715625193,7.077693413404335,20.500391123997847,0.516844116901452,0.483155883098548,198.21376879828853,-29.159230312266086,171.2508738169402,137.26083840940015,1493.84848441916,1474.92826695664,27,13,47,79,63
2022-10-30,2022,0,,LAR,SF,1556.67987286316,1542.75152567626,0.6116725323794764,0.3883274676205236,1520.00488149532,1579.4265170441,1526.33209676608,1514.73750109083,Matthew Stafford,Jimmy Garoppolo,156.67853885010953,136.22949093539114,-13.628916862928747,14.63389576058058,0.583248083928648,0.416751916071352,186.99551387730014,251.9883821817166,159.71023635282856,147.80538006002368,1491.69676322887,1549.37283462804,14,31,59,93,76
2022-10-30,2022,0,,IND,WSH,1499.12055695535,1436.16871565703,0.6762409773304463,0.3237590226695537,1489.16696630482,1446.12230630755,1506.44606955799,1441.38808432231,Sam Ehlinger,Taylor Heinicke,14.509439999999998,100.49703562392251,-107.95031889854816,-21.148163985521105,0.541547558516385,0.458452441483615,109.03732607272624,260.68416535516076,23.962228607272625,116.51574859704635,1498.8385636426,1448.9955902377,16,17,10,48,29
2022-10-30,2022,0,,BUF,GB,1699.79669887999,1508.39008646731,0.8139669033012465,0.18603309669875345,1707.78717845278,1500.39960689452,1686.12566072068,1508.69984875401,Josh Allen,Aaron Rodgers,302.91186293121797,202.0844373300941,25.247927615138245,-10.757267499094727,0.840742788012835,0.159257211987165,142.35687903438307,179.72048285594138,286.85636454153445,199.84804188267884,1692.87642012667,1501.94908934802,27,17,89,31,60
2022-10-31,2022,0,,CLE,CIN,1447.51315477,1593.01454353375,0.38617879088440227,0.6138212091155977,1485.68686993547,1554.84082836828,1447.9051889418,1579.31742672869,Jacoby Brissett,Joe Burrow,116.75428613663068,217.3161911928912,-55.37253808648979,25.659928581969,0.281390433953232,0.718609566046768,282.8841897334368,108.76809946556827,133.3672764963113,206.4613820201589,1494.40280244699,1532.81981322349,32,13,44,53,49
2022-11-03,2022,0,,HOU,PHI,1366.39280260908,1621.59069339586,0.2507028857730034,0.7492971142269966,1354.55538564739,1633.42811035755,1348.60923230921,1632.81237283722,Davis Mills,Jalen Hurts,105.7226544283219,203.8117188598184,-17.930740410210543,19.069683617073547,0.176852773925555,0.823147226074445,47.697575184682165,207.6697151725383,99.92014650395794,204.19751849109036,1340.51923361892,1640.90237152751,17,29,35,13,24
2022-11-06,2022,0,,WSH,MIN,1446.12230630755,1586.43002510154,0.39328942434305514,0.6067105756569449,1435.57891655105,1596.97341485804,1448.9955902377,1582.79226239924,Taylor Heinicke,Kirk Cousins,116.51574859704647,183.75684071871157,-12.0813992996829,-0.957373163122196,0.369962035913142,0.630037964086858,33.50892471223572,100.25175078471497,108.21506620856539,175.40633172531193,1439.15187562816,1592.63597700878,17,20,51,34,43
2022-11-06,2022,0,,ATL,LAC,1482.09448166277,1470.68836597196,0.608218273989988,0.39178172601001204,1464.62435186495,1488.15849576978,1436.78864716437,1488.55300430423,Marcus Mariota,Justin Herbert,133.00704498242007,213.16118861546022,1.2466198714523506,0.8036497690607163,0.471419362568621,0.528580637431379,31.178591213679027,145.82157926443304,122.82419960554596,206.42722768035748,1423.83518827802,1501.50646319058,17,20,30,82,56
2022-11-06,2022,0,,CIN,CAR,1554.84082836828,1403.16170699937,0.7768330449236097,0.22316695507639028,1567.40021829889,1390.60231706876,1532.81981322349,1412.26361710246,Joe Burrow,P.J. Walker,206.46138202015885,43.34738374065495,18.94952756650437,-44.24791852723143,0.793426220813666,0.206573779186334,251.362704977832,-108.48372873761016,210.95151431592615,28.164272492828438,1544.36372114982,1400.71970917613,42,21,25,24,25
2022-11-06,2022,0,,JAX,OAK,1358.7505837283,1456.78315219808,0.45260503287719267,0.5473949671228073,1381.86313077552,1433.67060515086,1389.55043955781,1460.64655581819,Trevor Lawrence,Derek Carr,133.93066738333755,130.49887842053568,6.6314400338376185,-11.731095331699585,0.505514107144689,0.494485892855311,300.94766763322866,159.89007538654158,150.63236740832664,133.43799811713626,1410.07977367609,1440.11722169991,27,20,14,25,20
2022-11-06,2022,0,,NYJ,BUF,1464.0989344463,1707.78717845278,0.2633532432252444,0.7366467567747557,1486.32866058782,1685.55745231126,1468.61120737483,1692.87642012667,Zach Wilson,Josh Allen,75.91478593824444,286.85636454153456,-12.853916846681786,15.957782039539536,0.236817074023184,0.763182925976816,190.83074972876935,122.72958002317485,87.40638231729694,270.4436860896986,1491.92543171464,1669.56219578686,20,17,82,66,74
2022-11-06,2022,0,,NE,IND,1519.15254886606,1489.16696630482,0.6333884285809801,0.3666115714190199,1541.49033520191,1466.82917996897,1514.30630453971,1498.8385636426,Mac Jones,Sam Ehlinger,111.50789638212213,23.962228607272625,-14.49243921093506,-97.82640864998456,0.704172421974872,0.295827578025128,37.07624810302776,-164.43983962414865,104.06473155421268,5.122021784130497,1531.90431125472,1481.24055692759,26,3,22,58,40
2022-11-06,2022,0,,DET,GB,1356.9910175392,1500.39960689452,0.3890383841880804,0.6109616158119195,1381.64730231146,1475.74332212226,1351.79022504438,1501.94908934802,Jared Goff,Aaron Rodgers,162.68627156514282,199.84804188267896,4.3307628227176505,-11.337601847847667,0.3805460568912,0.6194539431088,113.09532609828882,37.18812287939529,157.7271770184574,183.5820499823506,1376.86288097861,1476.87643341379,15,9,13,17,15
2022-11-06,2022,0,,CHI,MIA,1445.30279113944,1521.5392789933,0.48383502965170866,0.5161649703482913,1431.95620329679,1534.88586683595,1431.55750054548,1511.59094648559,Justin Fields,Tua Tagovailoa,107.63449278963942,187.67677123944836,1.4545382790932377,34.93054903605927,0.414332438488158,0.585667561511842,474.29998827342445,332.8427400889503,144.30104233801794,202.19336812439855,1420.37534834887,1522.7730986822,32,35,42,43,43
2022-11-06,2022,0,,ARI,SEA,1476.96650420361,1550.95732659412,0.4870640538992648,0.5129359461007352,1453.70300417251,1574.22082662522,1464.23960570621,1493.84848441916,Kyler Murray,Geno Smith,194.85815658856995,171.25087381694027,2.498558102007318,8.22174735280899,0.525547483858579,0.474452516141421,194.6850222189721,244.07327934941227,194.84084315161016,178.53311437018746,1438.83023752899,1519.25785259638,21,31,40,77,59
2022-11-06,2022,0,,TB,LAR,1537.68167552013,1520.00488149532,0.6167853711198781,0.3832146288801219,1547.92181303861,1509.76474397684,1516.60199421217,1491.69676322887,Tom Brady,Matthew Stafford,215.2404731652044,159.71023635282867,-3.1623815368853214,-11.431622268422739,0.627330264001159,0.372669735998841,233.74525408825568,-3.3091183505120063,217.09095125750952,143.40830088249461,1526.52647670484,1481.7722807362,16,13,47,76,62
2022-11-06,2022,0,,KC,TEN,1683.14578319678,1595.13193012639,0.7069918145423644,0.29300818545763563,1690.74140621795,1587.53630710522,1651.95275854069,1577.17808783756,Patrick Mahomes,Malik Willis,272.1258529459965,57.872520858622465,11.93817202069074,-61.080436298174035,0.783409372561983,0.216590627438017,354.1924511049705,-82.77919424486382,280.33251276189384,43.80734934827384,1657.4044780832,1571.72636829505,20,17,86,37,62
2022-11-07,2022,0,,NO,BAL,1496.47036558331,1556.41361159458,0.5072767401585228,0.49272325984147725,1468.93245144786,1583.95152573003,1487.6418952548,1572.52056643586,Andy Dalton,Lamar Jackson,123.47573526737986,202.74824363099887,-21.334594634394033,11.425368357795461,0.4075862619747,0.5924137380253,25.152788343724833,165.8806800797325,113.64344057501435,199.06148727587222,1466.19976352137,1593.96269816929,13,27,60,55,58
2022-11-10,2022,0,,CAR,ATL,1390.60231706876,1464.62435186495,0.48701916580744925,0.5129808341925508,1415.30510770509,1439.92156122862,1400.71970917613,1423.83518827802,P.J. Walker,Marcus Mariota,28.164272492828438,122.82419960554589,-49.62707822478308,-3.907133810557574,0.472322283825986,0.527677716174014,5.176791316836512,85.97086074456529,25.865524375229246,119.13886571944782,1426.24943700561,1398.30546044854,25,15,4,46,25
2022-11-13,2022,1,,TB,SEA,1547.92181303861,1574.22082662522,0.46222479615593826,0.5377752038440617,1567.4262472144,1554.71639244943,1526.52647670484,1519.25785259638,Tom Brady,Geno Smith,217.09095125750966,178.5331143701876,-2.0790234138884256,11.451780261792436,0.490988974940949,0.509011025059051,224.5170621236486,258.51262858263846,217.83356234412355,186.5310657914327,1544.81905200087,1500.96527730035,21,16,63,71,67
2022-11-13,2022,0,,TEN,DEN,1587.53630710522,1415.10159657966,0.7968600735572049,0.2031399264427951,1595.16169062822,1407.47621305666,1571.72636829505,1473.39663526276,Ryan Tannehill,Russell Wilson,111.26293540830534,118.14337705007375,2.3965858215918394,-9.928652547672858,0.689300714211214,0.310699285788786,237.32910918798015,-58.89088043465385,123.86955278627283,100.439951301601,1583.88306993546,1461.23993362235,17,10,57,16,37
2022-11-13,2022,0,,KC,JAX,1690.74140621795,1381.86313077552,0.8958757057063381,0.10412429429366188,1695.00962777291,1377.59490922056,1657.4044780832,1410.07977367609,Patrick Mahomes,Trevor Lawrence,280.3325127618939,150.63236740832676,15.444593327604887,14.650718044640378,0.849448310974686,0.150551689025314,408.27186263284074,174.76605648300446,293.1264477489886,153.04573631579453,1663.75672944254,1403.72752231675,27,17,68,16,42
2022-11-13,2022,0,,BUF,MIN,1685.55745231126,1596.97341485804,0.707671283790134,0.292328716209866,1664.46409101972,1618.06677614958,1669.56219578686,1592.63597700878,Josh Allen,Kirk Cousins,270.44368608969853,175.40633172531182,6.953553711644449,-5.084759001665976,0.691958162117931,0.308041837882069,289.199769492249,114.92550325795604,272.3192944299536,169.35824887857623,1649.06734590014,1613.1308268955,30,33,95,52,74
2022-11-13,2022,0,,NYG,HOU,1464.2692484015,1354.55538564739,0.7321844252908039,0.26781557470919615,1475.17239036553,1343.65224368336,1474.92826695664,1340.51923361892,Daniel Jones,Davis Mills,137.26083840940018,99.92014650395778,10.229812194372204,-19.935457351882043,0.802861961719683,0.197138038280317,192.63252042953656,89.26937137399908,142.79800661141383,98.85506899096191,1482.72666793568,1332.72083263988,24,16,7,12,10
2022-11-13,2022,0,,MIA,CLE,1534.88586683595,1485.68686993547,0.6586721067418089,0.34132789325819113,1555.23424310139,1465.33849367003,1522.7730986822,1494.40280244699,Tua Tagovailoa,Jacoby Brissett,202.19336812439852,133.3672764963112,40.44232002673137,-44.29741600232519,0.692589465156061,0.307410534843939,379.8359855079141,129.79127987537876,219.95762986275008,133.00967683421797,1540.88887428841,1476.28702684078,39,17,51,66,59
2022-11-13,2022,0,,PIT,NO,1440.51078824613,1468.93245144786,0.5524468263970831,0.4475531736029169,1461.62347066492,1447.81976902907,1419.02916916073,1466.19976352137,Kenny Pickett,Andy Dalton,99.15328052984046,113.64344057501424,-35.50109166568601,-25.184012248857318,0.528570304138512,0.471429695861488,109.70293709137091,-2.7241502569627434,100.20824618599352,102.00668149181654,1441.43553561847,1443.79339706363,20,10,11,13,12
2022-11-13,2022,0,,CHI,DET,1431.95620329679,1381.64730231146,0.6601070696321455,0.3398929303678545,1422.29901255348,1391.30449305477,1420.37534834887,1376.86288097861,Justin Fields,Jared Goff,144.30104233801805,157.7271770184574,19.71508613932803,1.6346774082391597,0.654804191022449,0.345195808977551,355.72500775105135,189.1168941001273,165.44343887932138,160.86614872662437,1410.8144973609,1386.42373196658,30,31,10,9,10
2022-11-13,2022,0,,OAK,IND,1433.67060515086,1466.82917996897,0.54569563079955,0.45430436920045003,1413.82831395181,1486.67147116802,1440.11722169991,1481.24055692759,Derek Carr,Matt Ryan,133.43799811713623,120.68292082379544,-9.674980716814378,13.205707410608474,0.648797444927951,0.351202555072049,198.20872671350122,261.77657526719224,139.9150709767727,134.79228626813511,1422.73123881156,1498.62653981594,20,25,29,9,19
2022-11-13,2022,0,,GB,DAL,1475.74332212226,1606.85248480875,0.4059930613639982,0.5940069386360018,1492.72292202695,1589.87288490406,1476.87643341379,1640.36893436123,Aaron Rodgers,Dak Prescott,183.58204998235047,185.27078218429241,-18.903717705619542,16.10865496927301,0.271983418543495,0.728016581456505,269.21729618411,154.26685080899927,192.1455746025264,182.1703890467631,1498.76290838808,1618.48245938694,31,28,74,20,47
2022-11-13,2022,0,,LAR,ARI,1509.76474397684,1453.70300417251,0.6674973063375681,0.3325026936624319,1475.88884621249,1487.57890193686,1481.7722807362,1438.83023752899,John Wolford,Colt McCoy,29.78911111840171,140.8403615750086,-132.6301986542615,-51.63550809817455,0.517302890046187,0.482697109953813,37.13590639756668,199.58428239946778,30.523790646318204,146.7147536574545,1456.82713479225,1463.77538347294,17,27,2,39,21
2022-11-13,2022,0,,SF,LAC,1579.4265170441,1488.15849576978,0.7108572326229461,0.2891427673770539,1589.93313894846,1477.65187386542,1549.37283462804,1501.50646319058,Jimmy Garoppolo,Justin Herbert,147.8053800600237,206.42722768035753,19.690145534867945,-2.6035131869435606,0.697610515284573,0.302389484715427,197.22595266861993,100.39202919906005,152.74743732088336,195.8237078322278,1560.41257416292,1490.4667236557,22,16,66,63,65
2022-11-14,2022,0,,PHI,WSH,1633.42811035755,1435.57891655105,0.8195174491393651,0.18048255086063492,1587.17323360309,1481.83379330551,1640.90237152751,1439.15187562816,Jalen Hurts,Taylor Heinicke,204.19751849109028,108.21506620856546,18.309099251855603,-15.627670528939257,0.837474766988452,0.162525233011548,207.40545426110432,37.6889874410732,204.51831206809166,101.16245833181625,1593.09168583754,1486.96256131813,21,32,65,32,49
2022-11-17,2022,0,,GB,TEN,1492.72292202695,1595.16169062822,0.4463288574327611,0.5536711425672389,1471.67609188156,1616.20852077361,1498.76290838808,1583.88306993546,Aaron Rodgers,Ryan Tannehill,192.14557460252647,123.86955278627292,-13.676769510250452,8.580065219496213,0.41957170277127,0.58042829722873,196.79995460270376,244.85979928417424,192.61101260254424,135.96857743606304,1479.1438832846,1603.50209503894,17,27,67,31,49
2022-11-20,2022,0,,BAL,CAR,1583.95152573003,1415.30510770509,0.7933071991228273,0.20669280087717268,1592.91240772375,1406.34422571137,1593.96269816929,1426.24943700561,Lamar Jackson,Baker Mayfield,199.0614872758723,66.40489771513553,9.010721762342516,-7.755725032437365,0.816747388029731,0.183252611970269,121.89860872296194,-52.038560057836435,191.34519942058125,54.56055193783833,1601.82348325674,1418.38865191816,13,3,51,13,32
2022-11-20,2022,0,,NO,LAR,1447.81976902907,1475.88884621249,0.5529486019883081,0.4470513980116919,1466.1051610846,1457.60345415696,1443.79339706363,1456.82713479225,Andy Dalton,Matthew Stafford,102.00668149181664,143.40830088249456,-29.743191178013266,-12.74683872141372,0.536419409026196,0.463580590973804,281.64135929511946,173.81408125242743,119.97014927214691,146.44887891948787,1462.85353240936,1437.76699944652,27,20,16,13,15
2022-11-20,2022,0,,HOU,WSH,1343.65224368336,1481.83379330551,0.3962136406989266,0.6037863593010734,1323.41288244045,1502.07315454842,1332.72083263988,1486.96256131813,Davis Mills,Taylor Heinicke,98.8550689909619,101.16245833181631,-19.4712232407858,-18.372590940866917,0.35764552368295,0.642354476317049,-83.49852743632587,107.06718542368463,80.61970934823312,101.75293104100314,1314.678190053,1505.00520390501,10,23,5,22,14
2022-11-20,2022,0,,IND,PHI,1486.67147116802,1587.17323360309,0.44908593532058316,0.5509140646794168,1480.54468709404,1593.30001767707,1498.62653981594,1593.09168583754,Matt Ryan,Jalen Hurts,134.79228626813497,204.51831206809166,19.60010476224768,17.55404107776365,0.440692835169019,0.559307164830981,113.3208290846445,280.0045813934513,132.64514054978594,212.0669390006276,1492.63009772186,1599.08812793162,16,17,78,85,82
2022-11-20,2022,0,,NE,NYJ,1541.49033520191,1486.32866058782,0.6663463722945386,0.33365362770546136,1554.64794475527,1473.17105103446,1531.90431125472,1491.92543171464,Mac Jones,Zach Wilson,104.06473155421264,87.40638231729689,-17.4893996643432,-6.465422814821523,0.610833620761127,0.389166379238873,86.19939203764118,-27.88155662731626,102.2781976025555,75.87758842283559,1547.53294189707,1476.29680107229,10,3,49,95,72
2022-11-20,2022,0,,BUF,CLE,1664.46409101972,1465.33849367003,0.8206016675725505,0.17939833242744951,1671.50263269346,1458.29995199629,1649.06734590014,1476.28702684078,Josh Allen,Jacoby Brissett,272.31929442995374,133.00967683421814,7.543680196189825,-42.261345033255466,0.827141955756057,0.172858044243943,140.70047724814387,413.075519110683,259.15741271177274,161.0162610618646,1655.82780129227,1469.52657144865,31,23,68,28,48
2022-11-20,2022,0,,ATL,CHI,1439.92156122862,1422.29901255348,0.6167115619724245,0.3832884380275755,1450.16391444977,1412.05665933233,1398.30546044854,1410.8144973609,Marcus Mariota,Justin Fields,119.13886571944796,165.44343887932146,-5.554444063078682,29.300530103013518,0.505272023843063,0.494727976156937,182.92734041074578,105.20424276661959,125.51771318857774,159.4195192680513,1411.99942886968,1397.12052893976,27,24,12,16,14
2022-11-20,2022,0,,NYG,DET,1475.17239036553,1391.30449305477,0.7020235518822854,0.2979764481177146,1435.4294905786,1431.0473928417,1482.72666793568,1386.42373196658,Daniel Jones,Jared Goff,142.798006611414,160.86614872662443,12.486905685660446,3.1224293919106163,0.710833915738968,0.289166084261032,189.40504837912283,108.20219382092405,147.45871078818487,155.5997532360544,1442.33967540768,1426.81072449458,18,31,20,36,28
2022-11-20,2022,0,,DEN,OAK,1407.47621305666,1413.82831395181,0.5836084970087371,0.41639150299126293,1384.14114982026,1437.16337718821,1461.23993362235,1422.73123881156,Russell Wilson,Derek Carr,100.4399513016009,139.91507097677274,-18.283932794525636,-5.9526952511555145,0.609431766991886,0.390568233008114,96.85403751945768,291.09894474420605,100.08135992338659,155.03345835351607,1436.65833394669,1447.31283848722,16,22,16,4,10
2022-11-20,2022,0,,MIN,DAL,1618.06677614958,1589.87288490406,0.6309902075175864,0.3690097924824136,1570.1305306664,1637.80913038724,1613.1308268955,1618.48245938694,Kirk Cousins,Dak Prescott,169.35824887857612,182.17038904676303,-7.854562474950511,13.753025652044599,0.536202038535517,0.463797961464483,-105.62727760947053,351.5960720332599,141.85969622977146,199.11295734541272,1573.6691922118,1657.94409407064,3,40,93,73,83
2022-11-20,2022,0,,PIT,CIN,1461.62347066492,1567.40021829889,0.44158550758848236,0.5584144924115176,1443.59264497703,1585.43104398678,1441.43553561847,1544.36372114982,Kenny Pickett,Joe Burrow,100.20824618599343,210.95151431592612,-33.198554254325124,20.247117336062754,0.319092592549916,0.680907407450084,199.84674871489545,239.2683482715105,110.17209643888363,213.78319771148458,1428.91423902678,1556.88501774151,30,37,39,47,43
2022-11-20,2022,0,,LAC,KC,1477.65187386542,1695.00962777291,0.293791179492793,0.706208820507207,1470.03382919885,1702.62767243948,1490.4667236557,1663.75672944254,Justin Herbert,Patrick Mahomes,195.82370783222774,293.1264477489886,-7.775097451661415,21.06933115477214,0.299041287841383,0.700958712158617,119.13404467447923,325.27094605081396,188.1547415164529,296.34089757917116,1482.6981004203,1671.52535267794,27,30,83,85,84
2022-11-21,2022,1,,ARI,SF,1487.57890193686,1589.93313894846,0.35681881097279594,0.6431811890272041,1464.61691072929,1612.89513015603,1463.77538347294,1560.41257416292,Colt McCoy,Jimmy Garoppolo,146.7147536574545,152.74743732088334,-46.11653665204278,21.176666888554315,0.28016179314463,0.71983820685537,73.55871875473208,300.56540209331325,139.39915016718226,167.52923379812634,1446.21604409327,1577.97191354259,10,38,46,64,55
2022-11-24,2022,0,,DET,BUF,1431.0473928417,1671.50263269346,0.2669795475361098,0.7330204524638901,,,,,Jared Goff,Josh Allen,155.59975323605426,259.15741271177274,0.3331101770300634,0.5855553272899968,0.26220779362377955,0.7377922063762204,,,"","",,,,,66,46,56
2022-11-24,2022,0,,DAL,NYG,1637.80913038724,1435.4294905786,0.823342716316654,0.176657283683346,,,,,Dak Prescott,Daniel Jones,199.11295734541298,147.45871078818496,21.536658518767265,14.192912489762831,0.831392413611393,0.16860758638860696,,,"","",,,,,77,41,59
2022-11-24,2022,0,,MIN,NE,1570.1305306664,1554.64794475527,0.6137955515706629,0.3862044484293371,,,,,Kirk Cousins,Mac Jones,141.85969622977152,102.27819760255548,-21.211110675605397,-17.508196656954627,0.6070847634075844,0.39291523659241556,,,"","",,,,,69,58,64
2022-11-27,2022,0,,TEN,CIN,1616.20852077361,1585.43104398678,0.6344463037465587,0.36555369625344125,,,,,Ryan Tannehill,Joe Burrow,135.96857743606301,213.78319771148472,14.200574283416394,20.650603167039122,0.6264218289728897,0.37357817102711033,,,"","",,,,,89,48,69
2022-11-27,2022,0,,CLE,TB,1458.29995199629,1567.4262472144,0.43683641078403046,0.5631635892159695,,,,,Jacoby Brissett,Tom Brady,161.01626106186455,217.83356234412364,-26.144985667769426,-1.6037666998871045,0.397279735990197,0.602720264009803,,,"","",,,,,44,32,38
2022-11-27,2022,0,,CAR,DEN,1406.34422571137,1384.14114982026,0.6229248207492096,0.37707517925079037,,,,,"",Russell Wilson,34.187082368385866,100.08135992338671,-33.66358123891653,-17.549031843906416,0.5283589157664947,0.47164108423350526,,,"","",,,,,8,3,6
2022-11-27,2022,0,,JAX,BAL,1377.59490922056,1592.91240772375,0.2962338235880418,0.7037661764119583,,,,,Trevor Lawrence,Lamar Jackson,153.0457363157946,191.34519942058125,15.124866596142274,4.702041746579754,0.34512925052116233,0.6548707494788377,,,"","",,,,,52,15,34
2022-11-27,2022,0,,MIA,HOU,1555.23424310139,1323.41288244045,0.8466599456912484,0.15334005430875164,,,,,Tua Tagovailoa,Davis Mills,219.9576298627501,80.619709348233,47.3023348945706,-27.615341900111126,0.8984134841003522,0.10158651589964784,,,"","",,,,,14,3,9
2022-11-27,2022,0,,WSH,ATL,1502.07315454842,1450.16391444977,0.6621709336228316,0.33782906637716836,,,,,"",Marcus Mariota,106.57505160915063,125.51771318857782,-12.336604471082753,-2.087298125359922,0.6833628554511693,0.31663714454883074,,,"","",,,,,23,85,54
2022-11-27,2022,0,,NYJ,CHI,1473.17105103446,1412.05665933233,0.6739209089791047,0.3260790910208953,,,,,Zach Wilson,Justin Fields,75.87758842283564,159.41951926805123,-11.906548621310966,24.82354379222784,0.6320016703843327,0.36799832961566725,,,"","",,,,,20,36,28
2022-11-27,2022,0,,ARI,LAC,1464.61691072929,1470.03382919885,0.5849161093827576,0.4150838906172424,,,,,Kyler Murray,Justin Herbert,194.84084315161024,188.15474151645304,7.973181419851225,-11.220825736965567,0.5470528203390655,0.45294717966093445,,,"","",,,,,30,36,33
2022-11-27,2022,0,,SEA,OAK,1554.71639244943,1437.16337718821,0.740939937386263,0.25906006261373704,,,,,Geno Smith,Derek Carr,186.53106579143255,155.03345835351593,14.878166959325346,1.9041331997737379,0.6958952450639163,0.3041047549360837,,,"","",,,,,39,32,36
2022-11-27,2022,0,,SF,NO,1612.89513015603,1466.1051610846,0.7719158785906524,0.22808412140934764,,,,,Jimmy Garoppolo,Andy Dalton,167.5292337981263,119.97014927214701,27.508731782748153,-19.274297728947353,0.7784123973291106,0.2215876026708894,,,"","",,,,,59,31,45
2022-11-27,2022,0,,KC,LAR,1702.62767243948,1457.60345415696,0.8562692186538022,0.14373078134619777,,,,,Patrick Mahomes,Matthew Stafford,296.34089757917104,146.44887891948798,21.623089512124636,-10.589207766846396,0.8632750534287301,0.13672494657126988,,,"","",,,,,72,15,44
2022-11-27,2022,0,,PHI,GB,1593.30001767707,1471.67609188156,0.7454125959687135,0.25458740403128655,,,,,Jalen Hurts,Aaron Rodgers,212.0669390006277,192.61101260254424,20.4506524901435,-12.760212034729152,0.7647149832569315,0.23528501674306845,,,"","",,,,,68,41,55
2022-11-28,2022,0,,IND,PIT,1480.54468709404,1443.59264497703,0.6426496720714661,0.35735032792853394,,,,,Matt Ryan,Kenny Pickett,132.64514054978602,110.1720964388837,17.546526664960908,-26.556701415163595,0.7126802808252418,0.2873197191747582,,,"","",,,,,25,15,20
2022-12-01,2022,0,,NE,BUF,1554.64794475527,1671.50263269346,0.4259243145699802,0.5740756854300197,,,,,Mac Jones,Josh Allen,102.27819760255548,259.15741271177274,-17.508196656954627,0.5855553272899968,0.39211478227793956,0.6078852177220604,,,"","",,,,,87,92,90
2022-12-04,2022,0,,CHI,GB,1412.05665933233,1471.67609188156,0.5077426400341571,0.49225735996584286,,,,,Justin Fields,Aaron Rodgers,159.41951926805123,192.61101260254424,24.82354379222784,-12.760212034729152,0.5071577893961708,0.49284221060382916,,,"","",,,,,21,5,13
2022-12-04,2022,0,,MIN,NYJ,1570.1305306664,1473.17105103446,0.7175444509755251,0.2824555490244749,,,,,Kirk Cousins,Zach Wilson,141.85969622977152,75.87758842283564,-21.211110675605397,-11.906548621310966,0.6922056602270584,0.30779433977294157,,,"","",,,,,52,54,53
2022-12-04,2022,0,,ATL,PIT,1450.16391444977,1443.59264497703,0.6015667079769973,0.3984332920230027,,,,,Marcus Mariota,Kenny Pickett,125.51771318857782,110.1720964388837,-2.087298125359922,-26.556701415163595,0.583150240508684,0.416849759491316,,,"","",,,,,9,20,15
2022-12-04,2022,0,,NYG,WSH,1435.4294905786,1502.07315454842,0.497634595049852,0.502365404950148,,,,,Daniel Jones,Carson Wentz,147.45871078818496,109.2874944287336,14.192912489762831,-9.624161651499787,0.5152815865721201,0.4847184134278799,,,"","",,,,,35,99,67
2022-12-04,2022,0,,BAL,DEN,1592.91240772375,1384.14114982026,0.8286307484054463,0.17136925159455374,,,,,Lamar Jackson,Russell Wilson,191.34519942058125,100.08135992338671,4.702041746579754,-17.549031843906416,0.801201850448205,0.19879814955179498,,,"","",,,,,52,8,30
2022-12-04,2022,0,,PHI,TEN,1593.30001767707,1616.20852077361,0.5602799101302688,0.4397200898697312,,,,,Jalen Hurts,Ryan Tannehill,212.0669390006277,135.96857743606301,20.4506524901435,14.200574283416394,0.5760288410528386,0.4239711589471614,,,"","",,,,,93,51,72
2022-12-04,2022,0,,HOU,CLE,1323.41288244045,1458.29995199629,0.40075931073615484,0.5992406892638451,,,,,Davis Mills,Deshaun Watson,80.619709348233,228.79583248633287,-27.615341900111126,41.634585756698904,0.27210191400492884,0.7278980859950712,,,"","",,,,,5,2,4
2022-12-04,2022,0,,DET,JAX,1431.0473928417,1377.59490922056,0.664155333591242,0.335844666408758,,,,,Jared Goff,Trevor Lawrence,155.59975323605426,153.0457363157946,0.3331101770300634,15.124866596142274,0.5859299947863633,0.4140700052136367,,,"","",,,,,14,15,15
2022-12-04,2022,0,,SF,MIA,1612.89513015603,1555.23424310139,0.6695372428900086,0.3304627571099914,,,,,Jimmy Garoppolo,Tua Tagovailoa,167.5292337981263,219.9576298627501,27.508731782748153,47.3023348945706,0.6080690501308875,0.3919309498691125,,,"","",,,,,89,62,76
2022-12-04,2022,0,,LAR,SEA,1457.60345415696,1554.71639244943,0.45391692176726756,0.5460830782327324,,,,,Matthew Stafford,Geno Smith,146.44887891948798,186.53106579143255,-10.589207766846396,14.878166959325346,0.4482013366724517,0.5517986633275482,,,"","",,,,,33,46,40
2022-12-04,2022,0,,CIN,KC,1585.43104398678,1702.62767243948,0.4254430937762291,0.574556906223771,,,,,Joe Burrow,Patrick Mahomes,213.78319771148472,296.34089757917104,20.650603167039122,21.623089512124636,0.40781916002516977,0.5921808399748303,,,"","",,,,,96,92,94
2022-12-04,2022,0,,OAK,LAC,1437.16337718821,1470.03382919885,0.5461067783548025,0.4538932216451975,,,,,Derek Carr,Justin Herbert,155.03345835351593,188.15474151645304,1.9041331997737379,-11.220825736965567,0.5392722323204492,0.4607277676795508,,,"","",,,,,28,52,40
2022-12-04,2022,0,,DAL,IND,1637.80913038724,1480.54468709404,0.7823573290072066,0.21764267099279344,,,,,Dak Prescott,Matt Ryan,199.11295734541298,132.64514054978602,21.536658518767265,17.546526664960908,0.7812080455772399,0.21879195442276012,,,"","",,,,,87,47,67
2022-12-05,2022,0,,TB,NO,1567.4262472144,1466.1051610846,0.7226051761909817,0.27739482380901825,,,,,Tom Brady,Andy Dalton,217.83356234412364,119.97014927214701,-1.6037666998871045,-19.274297728947353,0.7036584132382552,0.2963415867617448,,,"","",,,,,44,69,57
2022-12-08,2022,0,,LAR,OAK,1457.60345415696,1437.16337718821,0.6205380554054953,0.37946194459450466,,,,,Matthew Stafford,Derek Carr,146.44887891948798,155.03345835351593,-10.589207766846396,1.9041331997737379,0.5395884748475398,0.4604115251524602,,,"","",,,,,19,5,12
2022-12-11,2022,0,,NYG,PHI,1435.4294905786,1593.30001767707,0.36944331719127016,0.6305566828087299,,,,,Daniel Jones,Jalen Hurts,147.45871078818496,212.0669390006277,14.192912489762831,20.4506524901435,0.3416023867628673,0.6583976132371328,,,"","",,,,,66,90,78
2022-12-11,2022,0,,TEN,JAX,1616.20852077361,1377.59490922056,0.851667578708906,0.14833242129109403,,,,,Ryan Tannehill,Trevor Lawrence,135.96857743606301,153.0457363157946,14.200574283416394,15.124866596142274,0.8079013672260369,0.1920986327739631,,,"","",,,,,54,8,31
2022-12-11,2022,0,,PIT,BAL,1443.59264497703,1592.91240772375,0.3809816815387762,0.6190183184612238,,,,,Kenny Pickett,Lamar Jackson,110.1720964388837,191.34519942058125,-26.556701415163595,4.702041746579754,0.2910012820208726,0.7089987179791274,,,"","",,,,,47,19,33
2022-12-11,2022,0,,DAL,HOU,1637.80913038724,1323.41288244045,0.8988016898786022,0.1011983101213978,,,,,Dak Prescott,Davis Mills,199.11295734541298,80.619709348233,21.536658518767265,-27.615341900111126,0.9272059502314896,0.07279404976851045,,,"","",,,,,27,2,15
2022-12-11,2022,0,,CIN,CLE,1585.43104398678,1458.29995199629,0.7513817898702759,0.24861821012972407,,,,,Joe Burrow,Deshaun Watson,213.78319771148472,228.79583248633287,20.650603167039122,41.634585756698904,0.6609290487387999,0.3390709512612001,,,"","",,,,,70,63,67
2022-12-11,2022,0,,BUF,NYJ,1671.50263269346,1473.17105103446,0.8199278044416214,0.1800721955583786,,,,,Josh Allen,Zach Wilson,259.15741271177274,75.87758842283564,0.5855553272899968,-11.906548621310966,0.8009100496050823,0.19908995039491773,,,"","",,,,,75,71,73
2022-12-11,2022,0,,DET,MIN,1431.0473928417,1570.1305306664,0.39497272638165526,0.6050272736183447,,,,,Jared Goff,Kirk Cousins,155.59975323605426,141.85969622977152,0.3331101770300634,-21.211110675605397,0.39444364734392906,0.605556352656071,,,"","",,,,,42,47,45
2022-12-11,2022,0,,LAC,MIA,1470.03382919885,1555.23424310139,0.47096198050594645,0.5290380194940536,,,,,Justin Herbert,Tua Tagovailoa,188.15474151645304,219.9576298627501,-11.220825736965567,47.3023348945706,0.4163253882708208,0.5836746117291792,,,"","",,,,,63,85,74
2022-12-11,2022,0,,SF,TB,1612.89513015603,1567.4262472144,0.6538283280059287,0.3461716719940713,,,,,Jimmy Garoppolo,Tom Brady,167.5292337981263,217.83356234412364,27.508731782748153,-1.6037666998871045,0.6668031988301806,0.3331968011698194,,,"","",,,,,82,53,68
2022-12-11,2022,0,,SEA,CAR,1554.71639244943,1406.34422571137,0.7735154522242241,0.22648454777577587,,,,,Geno Smith,P.J. Walker,186.53106579143255,25.865524375229253,14.878166959325346,-41.985139232073145,0.729393799808068,0.27060620019193204,,,"","",,,,,20,38,29
2022-12-11,2022,0,,DEN,KC,1384.14114982026,1702.62767243948,0.1885918987122515,0.8114081012877485,,,,,Russell Wilson,Patrick Mahomes,100.08135992338671,296.34089757917104,-17.549031843906416,21.623089512124636,0.21682331118851664,0.7831766888114834,,,"","",,,,,71,33,52
2022-12-12,2022,0,,ARI,NE,1464.61691072929,1554.64794475527,0.46403964223196104,0.535960357768039,,,,,Kyler Murray,Mac Jones,194.84084315161024,102.27819760255548,7.973181419851225,-17.508196656954627,0.5100982310353589,0.4899017689646411,,,"","",,,,,44,48,46
2022-12-15,2022,0,,SEA,SF,1554.71639244943,1612.89513015603,0.5098153244346002,0.4901846755653998,,,,,Geno Smith,Jimmy Garoppolo,186.53106579143255,167.5292337981263,14.878166959325346,27.508731782748153,0.4452105700343399,0.5547894299656602,,,"","",,,,,77,99,88
2022-12-18,2022,0,,BUF,MIA,1671.50263269346,1555.23424310139,0.7395179744872213,0.26048202551277866,,,,,Josh Allen,Tua Tagovailoa,259.15741271177274,219.9576298627501,0.5855553272899968,47.3023348945706,0.6681392006054616,0.3318607993945384,,,"","",,,,,94,99,97
2022-12-18,2022,0,,WSH,NYG,1502.07315454842,1435.4294905786,0.6808763005463957,0.3191236994536043,,,,,Carson Wentz,Daniel Jones,109.2874944287336,147.45871078818496,-9.624161651499787,14.192912489762831,0.6575322495434427,0.3424677504565573,,,"","",,,,,35,97,66
2022-12-18,2022,0,,CLE,BAL,1458.29995199629,1592.91240772375,0.4011390024006024,0.5988609975993976,,,,,Deshaun Watson,Lamar Jackson,228.79583248633287,191.34519942058125,41.634585756698904,4.702041746579754,0.43496001254311406,0.5650399874568859,,,"","",,,,,76,26,51
2022-12-18,2022,0,,MIN,IND,1570.1305306664,1480.54468709404,0.7088628588999182,0.2911371411000818,,,,,Kirk Cousins,Matt Ryan,141.85969622977152,132.64514054978602,-21.211110675605397,17.546526664960908,0.5966339803454302,0.40336601965456975,,,"","",,,,,65,55,60
2022-12-18,2022,0,,NO,ATL,1466.1051610846,1450.16391444977,0.6144212391607726,0.3855787608392274,,,,,Andy Dalton,Marcus Mariota,119.97014927214701,125.51771318857782,-19.274297728947353,-2.087298125359922,0.6186452385455191,0.3813547614544809,,,"","",,,,,15,52,34
2022-12-18,2022,0,,CAR,PIT,1406.34422571137,1443.59264497703,0.5398530158085059,0.46014698419149413,,,,,P.J. Walker,Kenny Pickett,25.865524375229253,110.1720964388837,-41.985139232073145,-26.556701415163595,0.5347418144598823,0.46525818554011766,,,"","",,,,,5,3,4
2022-12-18,2022,0,,NYJ,DET,1473.17105103446,1431.0473928417,0.6494570222747003,0.35054297772529974,,,,,Zach Wilson,Jared Goff,75.87758842283564,155.59975323605426,-11.906548621310966,0.3331101770300634,0.6237685083471746,0.37623149165282543,,,"","",,,,,21,68,45
2022-12-18,2022,0,,CHI,PHI,1412.05665933233,1593.30001767707,0.3386870706623634,0.6613129293376365,,,,,Justin Fields,Jalen Hurts,159.41951926805123,212.0669390006277,24.82354379222784,20.4506524901435,0.33225064616461025,0.6677493538353898,,,"","",,,,,56,36,46
2022-12-18,2022,0,,HOU,KC,1323.41288244045,1702.62767243948,0.14078736476775094,0.8592126352322491,,,,,Davis Mills,Patrick Mahomes,80.619709348233,296.34089757917104,-27.615341900111126,21.623089512124636,0.1148185462146195,0.8851814537853805,,,"","",,,,,29,12,21
2022-12-18,2022,0,,JAX,DAL,1377.59490922056,1637.80913038724,0.24531758369454107,0.754682416305459,,,,,Trevor Lawrence,Dak Prescott,153.0457363157946,199.11295734541298,15.124866596142274,21.536658518767265,0.23169374321005975,0.7683062567899402,,,"","",,,,,68,18,43
2022-12-18,2022,0,,DEN,ARI,1384.14114982026,1464.61691072929,0.4777433073800124,0.5222566926199876,,,,,Russell Wilson,Kyler Murray,100.08135992338671,194.84084315161024,-17.549031843906416,7.973181419851225,0.5229391030785905,0.4770608969214095,,,"","",,,,,18,3,11
2022-12-18,2022,0,,TB,CIN,1567.4262472144,1585.43104398678,0.5672220660204444,0.43277793397955555,,,,,Tom Brady,Joe Burrow,217.83356234412364,213.78319771148472,-1.6037666998871045,20.650603167039122,0.5251184681633476,0.4748815318366524,,,"","",,,,,77,79,78
2022-12-18,2022,0,,LAC,TEN,1470.03382919885,1616.20852077361,0.3852604491059626,0.6147395508940374,,,,,Justin Herbert,Ryan Tannehill,188.15474151645304,135.96857743606301,-11.220825736965567,14.200574283416394,0.3727580009453567,0.6272419990546433,,,"","",,,,,69,50,60
2022-12-18,2022,0,,OAK,NE,1437.16337718821,1554.64794475527,0.42503797989589565,0.5749620201041044,,,,,Derek Carr,Mac Jones,155.03345835351593,102.27819760255548,1.9041331997737379,-17.508196656954627,0.46743644140281415,0.5325635585971858,,,"","",,,,,42,59,51
2022-12-19,2022,0,,GB,LAR,1471.67609188156,1457.60345415696,0.6118698065982124,0.38813019340178756,,,,,Aaron Rodgers,Matthew Stafford,192.61101260254424,146.44887891948798,-12.760212034729152,-10.589207766846396,0.6660701503199309,0.3339298496800691,,,"","",,,,,21,8,15
2022-12-22,2022,0,,NYJ,JAX,1473.17105103446,1377.59490922056,0.7159277356102248,0.2840722643897752,,,,,Zach Wilson,Trevor Lawrence,75.87758842283564,153.0457363157946,-11.906548621310966,15.124866596142274,0.6368448762460893,0.3631551237539107,,,"","",,,,,20,54,37
2022-12-24,2022,0,,BAL,ATL,1592.91240772375,1450.16391444977,0.7677939821684566,0.23220601783154338,,,,,Lamar Jackson,Marcus Mariota,191.34519942058125,125.51771318857782,4.702041746579754,-2.087298125359922,0.8061654324310668,0.19383456756893325,,,"","",,,,,49,31,40
2022-12-24,2022,0,,CLE,NO,1458.29995199629,1466.1051610846,0.5815743683598295,0.41842563164017055,,,,,Deshaun Watson,Andy Dalton,228.79583248633287,119.97014927214701,41.634585756698904,-19.274297728947353,0.666095525382517,0.33390447461748296,,,"","",,,,,36,11,24
2022-12-24,2022,0,,MIN,NYG,1570.1305306664,1435.4294905786,0.7594326583094456,0.24056734169055438,,,,,Kirk Cousins,Daniel Jones,141.85969622977152,147.45871078818496,-21.211110675605397,14.192912489762831,0.7017580526983107,0.2982419473016893,,,"","",,,,,50,53,52
2022-12-24,2022,0,,CAR,DET,1406.34422571137,1431.0473928417,0.5577331567584044,0.4422668432415956,,,,,P.J. Walker,Jared Goff,25.865524375229253,155.59975323605426,-41.985139232073145,0.3331101770300634,0.49994519523529496,0.5000548047647051,,,"","",,,,,7,21,14
2022-12-24,2022,0,,NE,CIN,1554.64794475527,1585.43104398678,0.5490834919954396,0.4509165080045604,,,,,Mac Jones,Joe Burrow,102.27819760255548,213.78319771148472,-17.508196656954627,20.650603167039122,0.5058548264908792,0.4941451735091208,,,"","",,,,,74,98,86
2022-12-24,2022,0,,TEN,HOU,1616.20852077361,1323.41288244045,0.886917793953457,0.11308220604654295,,,,,Ryan Tannehill,Davis Mills,135.96857743606301,80.619709348233,14.200574283416394,-27.615341900111126,0.9001603495180662,0.09983965048193377,,,"","",,,,,17,2,10
2022-12-24,2022,0,,KC,SEA,1702.62767243948,1554.71639244943,0.7730503242096658,0.2269496757903342,,,,,Patrick Mahomes,Geno Smith,296.34089757917104,186.53106579143255,21.623089512124636,14.878166959325346,0.791772477573336,0.20822752242666398,,,"","",,,,,89,53,71
2022-12-24,2022,0,,CHI,BUF,1412.05665933233,1671.50263269346,0.24613725295910882,0.7538627470408912,,,,,Justin Fields,Josh Allen,159.41951926805123,259.15741271177274,24.82354379222784,0.5855553272899968,0.2574994278510721,0.742500572148928,,,"","",,,,,64,21,43
2022-12-24,2022,0,,SF,WSH,1612.89513015603,1502.07315454842,0.7334333946818377,0.26656660531816234,,,,,Jimmy Garoppolo,Carson Wentz,167.5292337981263,109.2874944287336,27.508731782748153,-9.624161651499787,0.7251834325732648,0.2748165674267352,,,"","",,,,,72,75,74
2022-12-24,2022,0,,DAL,PHI,1637.80913038724,1593.30001767707,0.65257678325636,0.34742321674363996,,,,,Dak Prescott,Jalen Hurts,199.11295734541298,212.0669390006277,21.536658518767265,20.4506524901435,0.6582532849078295,0.34174671509217047,,,"","",,,,,97,98,98
2022-12-24,2022,0,,PIT,OAK,1443.59264497703,1437.16337718821,0.6013707672843408,0.3986292327156592,,,,,Kenny Pickett,Derek Carr,110.1720964388837,155.03345835351593,-26.556701415163595,1.9041331997737379,0.5136692446340352,0.4863307553659648,,,"","",,,,,15,4,10
2022-12-25,2022,0,,MIA,GB,1555.23424310139,1471.67609188156,0.7016504293243664,0.2983495706756336,,,,,Tua Tagovailoa,Aaron Rodgers,219.9576298627501,192.61101260254424,47.3023348945706,-12.760212034729152,0.7335277644622596,0.26647223553774035,,,"","",,,,,61,32,47
2022-12-25,2022,0,,LAR,DEN,1457.60345415696,1384.14114982026,0.6893437568776158,0.31065624312238416,,,,,Matthew Stafford,Russell Wilson,146.44887891948798,100.08135992338671,-10.589207766846396,-17.549031843906416,0.5856347346109899,0.4143652653890101,,,"","",,,,,14,2,8
2022-12-25,2022,0,,ARI,TB,1464.61691072929,1567.4262472144,0.4458017726880905,0.5541982273119095,,,,,Kyler Murray,Tom Brady,194.84084315161024,217.83356234412364,7.973181419851225,-1.6037666998871045,0.4524611263225206,0.5475388736774793,,,"","",,,,,47,33,40
2022-12-26,2022,0,,IND,LAC,1480.54468709404,1470.03382919885,0.6069895657737018,0.3930104342262982,,,,,Matt Ryan,Justin Herbert,132.64514054978602,188.15474151645304,17.546526664960908,-11.220825736965567,0.6329234191046431,0.3670765808953569,,,"","",,,,,43,85,64
2022-12-29,2022,0,,TEN,DAL,1616.20852077361,1637.80913038724,0.5621339126772893,0.4378660873227107,,,,,Ryan Tannehill,Dak Prescott,135.96857743606301,199.11295734541298,14.200574283416394,21.536658518767265,0.48480158365576725,0.5151984163442327,,,"","",,,,,97,38,68
2023-01-01,2022,0,,TB,CAR,1567.4262472144,1406.34422571137,0.7860760106206872,0.21392398937931278,,,,,Tom Brady,P.J. Walker,217.83356234412364,25.865524375229253,-1.6037666998871045,-41.985139232073145,0.7776839625846698,0.22231603741533024,,,"","",,,,,26,43,35
2023-01-01,2022,0,,NE,MIA,1554.64794475527,1555.23424310139,0.5916510821285739,0.40834891787142613,,,,,Mac Jones,Tua Tagovailoa,102.27819760255548,219.9576298627501,-17.508196656954627,47.3023348945706,0.4934089255803113,0.5065910744196886,,,"","",,,,,77,93,85
2023-01-01,2022,0,,WSH,CLE,1502.07315454842,1458.29995199629,0.6516157219356465,0.34838427806435346,,,,,Carson Wentz,Deshaun Watson,109.2874944287336,228.79583248633287,-9.624161651499787,41.634585756698904,0.5489836236091106,0.45101637639088943,,,"","",,,,,50,46,48
2023-01-01,2022,0,,BAL,PIT,1592.91240772375,1443.59264497703,0.774469648996751,0.22553035100324903,,,,,Lamar Jackson,Kenny Pickett,191.34519942058125,110.1720964388837,4.702041746579754,-26.556701415163595,0.8115395229996196,0.18846047700038038,,,"","",,,,,47,15,31
2023-01-01,2022,0,,HOU,JAX,1323.41288244045,1377.59490922056,0.5155632857635271,0.48443671423647294,,,,,Davis Mills,Trevor Lawrence,80.619709348233,153.0457363157946,-27.615341900111126,15.124866596142274,0.38712453048410284,0.6128754695158971,,,"","",,,,,1,2,2
2023-01-01,2022,0,,ATL,ARI,1450.16391444977,1464.61691072929,0.5722340640401178,0.4277659359598822,,,,,Marcus Mariota,Kyler Murray,125.51771318857782,194.84084315161024,-2.087298125359922,7.973181419851225,0.5155362691812224,0.4844637308187776,,,"","",,,,,17,34,26
2023-01-01,2022,0,,KC,DEN,1702.62767243948,1384.14114982026,0.9009233042101027,0.0990766957898973,,,,,Patrick Mahomes,Russell Wilson,296.34089757917104,100.08135992338671,21.623089512124636,-17.549031843906416,0.8665411786780745,0.13345882132192555,,,"","",,,,,71,18,45
2023-01-01,2022,0,,PHI,NO,1593.30001767707,1466.1051610846,0.7514503527224016,0.24854964727759843,,,,,Jalen Hurts,Andy Dalton,212.0669390006277,119.97014927214701,20.4506524901435,-19.274297728947353,0.7888762575736841,0.21112374242631593,,,"","",,,,,62,40,51
2023-01-01,2022,0,,DET,CHI,1431.0473928417,1412.05665933233,0.618571536565908,0.381428463434092,,,,,Jared Goff,Justin Fields,155.59975323605426,159.41951926805123,0.3331101770300634,24.82354379222784,0.5782514603172418,0.42174853968275816,,,"","",,,,,15,12,14
2023-01-01,2022,0,,NYG,IND,1435.4294905786,1480.54468709404,0.5285853277713559,0.4714146722286441,,,,,Daniel Jones,Matt Ryan,147.45871078818496,132.64514054978602,14.192912489762831,17.546526664960908,0.49654545127684196,0.5034545487231581,,,"","",,,,,39,82,61
2023-01-01,2022,0,,OAK,SF,1437.16337718821,1612.89513015603,0.3458292585078977,0.6541707414921023,,,,,Derek Carr,Jimmy Garoppolo,155.03345835351593,167.5292337981263,1.9041331997737379,27.508731782748153,0.3521082891908104,0.6478917108091896,,,"","",,,,,60,32,46
2023-01-01,2022,0,,SEA,NYJ,1554.71639244943,1473.17105103446,0.6992192573745633,0.30078074262543675,,,,,Geno Smith,Zach Wilson,186.53106579143255,75.87758842283564,14.878166959325346,-11.906548621310966,0.6528570995400893,0.3471429004599107,,,"","",,,,,43,84,64
2023-01-01,2022,0,,GB,MIN,1471.67609188156,1570.1305306664,0.45200343728330983,0.5479965627166902,,,,,Aaron Rodgers,Kirk Cousins,192.61101260254424,141.85969622977152,-12.760212034729152,-21.211110675605397,0.44785391041341993,0.5521460895865801,,,"","",,,,,52,31,42
2023-01-01,2022,0,,LAC,LAR,1470.03382919885,1457.60345415696,0.6096223512207455,0.3903776487792545,,,,,Justin Herbert,Matthew Stafford,188.15474151645304,146.44887891948798,-11.220825736965567,-10.589207766846396,0.6307001070849894,0.36929989291501064,,,"","",,,,,23,32,28
2023-01-02,2022,0,,CIN,BUF,1585.43104398678,1671.50263269346,0.46971267231224906,0.5302873276877509,,,,,Joe Burrow,Josh Allen,213.78319771148472,259.15741271177274,20.650603167039122,0.5855553272899968,0.45889276225957576,0.5411072377404242,,,"","",,,,,93,88,91
2023-01-08,2022,0,,CIN,BAL,1585.43104398678,1592.91240772375,0.5820279450612525,0.41797205493874745,,,,,Joe Burrow,Lamar Jackson,213.78319771148472,191.34519942058125,20.650603167039122,4.702041746579754,0.530731042370815,0.46926895762918497,,,"","",,,,,87,86,87
2023-01-08,2022,0,,GB,DET,1471.67609188156,1431.0473928417,0.647495320574135,0.35250467942586505,,,,,Aaron Rodgers,Jared Goff,192.61101260254424,155.59975323605426,-12.760212034729152,0.3331101770300634,0.6254722501199826,0.37452774988001736,,,"","",,,,,21,31,26
2023-01-08,2022,0,,NO,CAR,1466.1051610846,1406.34422571137,0.672206483894898,0.327793516105102,,,,,Andy Dalton,P.J. Walker,119.97014927214701,25.865524375229253,-19.274297728947353,-41.985139232073145,0.6641540297524069,0.3358459702475931,,,"","",,,,,10,12,11
2023-01-08,2022,0,,PIT,CLE,1443.59264497703,1458.29995199629,0.5718756820697984,0.42812431793020156,,,,,Kenny Pickett,Deshaun Watson,110.1720964388837,228.79583248633287,-26.556701415163595,41.634585756698904,0.41496548729623506,0.5850345127037649,,,"","",,,,,25,5,15
2023-01-08,2022,0,,SF,ARI,1612.89513015603,1464.61691072929,0.7734206951030201,0.22657930489697986,,,,,Jimmy Garoppolo,Kyler Murray,167.5292337981263,194.84084315161024,27.508731782748153,7.973181419851225,0.762386812245143,0.23761318775485696,,,"","",,,,,62,36,49
2023-01-08,2022,0,,IND,HOU,1480.54468709404,1323.41288244045,0.7822272915176982,0.2177727084823018,,,,,Matt Ryan,Davis Mills,132.64514054978602,80.619709348233,17.546526664960908,-27.615341900111126,0.8298598897579871,0.17014011024201292,,,"","",,,,,5,6,6
2023-01-08,2022,0,,SEA,LAR,1554.71639244943,1457.60345415696,0.7177234548954374,0.28227654510456257,,,,,Geno Smith,Matthew Stafford,186.53106579143255,146.44887891948798,14.878166959325346,-10.589207766846396,0.6927186931793393,0.3072813068206607,,,"","",,,,,33,47,40
2023-01-08,2022,0,,DEN,LAC,1384.14114982026,1470.03382919885,0.4699692067751439,0.530030793224856,,,,,Russell Wilson,Justin Herbert,100.08135992338671,188.15474151645304,-17.549031843906416,-11.220825736965567,0.49951204139820204,0.500487958601798,,,"","",,,,,21,41,31
2023-01-08,2022,0,,BUF,NE,1671.50263269346,1554.64794475527,0.7401675797257674,0.2598324202742326,,,,,Josh Allen,Mac Jones,259.15741271177274,102.27819760255548,0.5855553272899968,-17.508196656954627,0.7343236814005087,0.26567631859949126,,,"","",,,,,87,85,86
2023-01-08,2022,0,,OAK,KC,1437.16337718821,1702.62767243948,0.23976556036318608,0.7602344396368139,,,,,Derek Carr,Patrick Mahomes,155.03345835351593,296.34089757917104,1.9041331997737379,21.623089512124636,0.25021282661036615,0.7497871733896339,,,"","",,,,,78,47,63
2023-01-08,2022,0,,ATL,TB,1450.16391444977,1567.4262472144,0.42535064272693707,0.5746493572730629,,,,,Marcus Mariota,Tom Brady,125.51771318857782,217.83356234412364,-2.087298125359922,-1.6037666998871045,0.3828248785027826,0.6171751214972174,,,"","",,,,,34,93,64
2023-01-08,2022,0,,CHI,MIN,1412.05665933233,1570.1305306664,0.369170674979392,0.6308293250206081,,,,,Justin Fields,Kirk Cousins,159.41951926805123,141.85969622977152,24.82354379222784,-21.211110675605397,0.3862994095002268,0.6137005904997732,,,"","",,,,,40,12,26
2023-01-08,2022,0,,WSH,DAL,1502.07315454842,1637.80913038724,0.3995863352571845,0.6004136647428155,,,,,Carson Wentz,Dak Prescott,109.2874944287336,199.11295734541298,-9.624161651499787,21.536658518767265,0.3204464504457457,0.6795535495542543,,,"","",,,,,85,74,80
2023-01-08,2022,0,,JAX,TEN,1377.59490922056,1616.20852077361,0.26905934888086525,0.7309406511191348,,,,,Trevor Lawrence,Ryan Tannehill,153.0457363157946,135.96857743606301,15.124866596142274,14.200574283416394,0.29882121859978095,0.701178781400219,,,"","",,,,,54,7,31
2023-01-08,2022,0,,MIA,NYJ,1555.23424310139,1473.17105103446,0.6998458214251067,0.30015417857489335,,,,,Tua Tagovailoa,Zach Wilson,219.9576298627501,75.87758842283564,47.3023348945706,-11.906548621310966,0.7345611188407124,0.2654388811592876,,,"","",,,,,61,85,73
2023-01-08,2022,0,,PHI,NYG,1593.30001767707,1435.4294905786,0.782950813696431,0.21704918630356895,,,,,Jalen Hurts,Daniel Jones,212.0669390006277,147.45871078818496,20.4506524901435,14.192912489762831,0.7721544432875039,0.22784555671249607,,,"","",,,,,66,78,72
